Name,Description,Data File,MD5,SHA256,File size (bytes),S3 E-Tag (8MB multipart),S3 E-Tag (16MB multipart),S3 E-Tag (32MB multipart),S3 E-Tag (64MB multipart),S3 E-Tag (128MB multipart),S3 E-Tag Verified At,Format,amplicon,control_type,extra_descriptor,flow_id,index,lane,read,resource_type,runsamplenum
AM_ITS_UNSW_KP69D_checksums.md5,,https://data.bioplatforms.com/dataset/bpa-amdb-genomics-amplicon-control-its-control-kp69d/resource/6a42fdcc76f13990f6d522e40587a444/download/AM_ITS_UNSW_KP69D_checksums.md5,38286f57ea8f8f0766eadad862f73314,,41496,,,,,,,MD5,,,,,,,,amdb-genomics-amplicon-control,
ATCC1010MOCK_ITS_KP69D_AATGGAGC-GCTCTAGT_S111_L001_I1.fastq.gz,,https://data.bioplatforms.com/dataset/bpa-amdb-genomics-amplicon-control-its-control-kp69d/resource/c90ec436199e3fadabdc7a9d9b288a59/download/ATCC1010MOCK_ITS_KP69D_AATGGAGC-GCTCTAGT_S111_L001_I1.fastq.gz,c90ec436199e3fadabdc7a9d9b288a59,,1679610,,,,,,,FASTQ,ITS,ATCC1010MOCK,,KP69D,AATGGAGC-GCTCTAGT,L001,I1,amdb-genomics-amplicon-control,S111
ATCC1010MOCK_ITS_KP69D_AATGGAGC-GCTCTAGT_S111_L001_I2.fastq.gz,,https://data.bioplatforms.com/dataset/bpa-amdb-genomics-amplicon-control-its-control-kp69d/resource/d179ef842b3e8d166df0ecf6fa1058b2/download/ATCC1010MOCK_ITS_KP69D_AATGGAGC-GCTCTAGT_S111_L001_I2.fastq.gz,d179ef842b3e8d166df0ecf6fa1058b2,,1795562,,,,,,,FASTQ,ITS,ATCC1010MOCK,,KP69D,AATGGAGC-GCTCTAGT,L001,I2,amdb-genomics-amplicon-control,S111
ATCC1010MOCK_ITS_KP69D_AATGGAGC-GCTCTAGT_S111_L001_R1.fastq.gz,,https://data.bioplatforms.com/dataset/bpa-amdb-genomics-amplicon-control-its-control-kp69d/resource/305dfee3b2436b5a257bbce68ad241d7/download/ATCC1010MOCK_ITS_KP69D_AATGGAGC-GCTCTAGT_S111_L001_R1.fastq.gz,305dfee3b2436b5a257bbce68ad241d7,,30686921,,,,,,,FASTQ,ITS,ATCC1010MOCK,,KP69D,AATGGAGC-GCTCTAGT,L001,R1,amdb-genomics-amplicon-control,S111
ATCC1010MOCK_ITS_KP69D_AATGGAGC-GCTCTAGT_S111_L001_R2.fastq.gz,,https://data.bioplatforms.com/dataset/bpa-amdb-genomics-amplicon-control-its-control-kp69d/resource/740dd4b9c658c9f0c25e9ef199f032b6/download/ATCC1010MOCK_ITS_KP69D_AATGGAGC-GCTCTAGT_S111_L001_R2.fastq.gz,740dd4b9c658c9f0c25e9ef199f032b6,,39774741,,,,,,,FASTQ,ITS,ATCC1010MOCK,,KP69D,AATGGAGC-GCTCTAGT,L001,R2,amdb-genomics-amplicon-control,S111
ATCC1010MOCK_ITS_KP69D_ACAAGGAG-GACACTGA_S112_L001_I1.fastq.gz,,https://data.bioplatforms.com/dataset/bpa-amdb-genomics-amplicon-control-its-control-kp69d/resource/430eb7e2d3c47b95d2ac7e60acca7a9e/download/ATCC1010MOCK_ITS_KP69D_ACAAGGAG-GACACTGA_S112_L001_I1.fastq.gz,430eb7e2d3c47b95d2ac7e60acca7a9e,,2245459,,,,,,,FASTQ,ITS,ATCC1010MOCK,,KP69D,ACAAGGAG-GACACTGA,L001,I1,amdb-genomics-amplicon-control,S112
ATCC1010MOCK_ITS_KP69D_ACAAGGAG-GACACTGA_S112_L001_I2.fastq.gz,,https://data.bioplatforms.com/dataset/bpa-amdb-genomics-amplicon-control-its-control-kp69d/resource/0ef682a879a641740f02f55e69873b30/download/ATCC1010MOCK_ITS_KP69D_ACAAGGAG-GACACTGA_S112_L001_I2.fastq.gz,0ef682a879a641740f02f55e69873b30,,2471214,,,,,,,FASTQ,ITS,ATCC1010MOCK,,KP69D,ACAAGGAG-GACACTGA,L001,I2,amdb-genomics-amplicon-control,S112
ATCC1010MOCK_ITS_KP69D_ACAAGGAG-GACACTGA_S112_L001_R1.fastq.gz,,https://data.bioplatforms.com/dataset/bpa-amdb-genomics-amplicon-control-its-control-kp69d/resource/938feacac5be0359af50be84e23f2542/download/ATCC1010MOCK_ITS_KP69D_ACAAGGAG-GACACTGA_S112_L001_R1.fastq.gz,938feacac5be0359af50be84e23f2542,,41558744,,,,,,,FASTQ,ITS,ATCC1010MOCK,,KP69D,ACAAGGAG-GACACTGA,L001,R1,amdb-genomics-amplicon-control,S112
ATCC1010MOCK_ITS_KP69D_ACAAGGAG-GACACTGA_S112_L001_R2.fastq.gz,,https://data.bioplatforms.com/dataset/bpa-amdb-genomics-amplicon-control-its-control-kp69d/resource/834ffa38d7d6a1d22df7f1b116a98dcf/download/ATCC1010MOCK_ITS_KP69D_ACAAGGAG-GACACTGA_S112_L001_R2.fastq.gz,834ffa38d7d6a1d22df7f1b116a98dcf,,54897656,,,,,,,FASTQ,ITS,ATCC1010MOCK,,KP69D,ACAAGGAG-GACACTGA,L001,R2,amdb-genomics-amplicon-control,S112
No_Template_Control_ITS_KP69D_AATGGAGC-TGCGTACG_S113_L001_I1.fastq.gz,,https://data.bioplatforms.com/dataset/bpa-amdb-genomics-amplicon-control-its-control-kp69d/resource/4ca416c8691f6ba76cc41877f157dc6d/download/No_Template_Control_ITS_KP69D_AATGGAGC-TGCGTACG_S113_L001_I1.fastq.gz,4ca416c8691f6ba76cc41877f157dc6d,,46919,,,,,,,FASTQ,ITS,No_Template_Control,,KP69D,AATGGAGC-TGCGTACG,L001,I1,amdb-genomics-amplicon-control,S113
No_Template_Control_ITS_KP69D_AATGGAGC-TGCGTACG_S113_L001_I2.fastq.gz,,https://data.bioplatforms.com/dataset/bpa-amdb-genomics-amplicon-control-its-control-kp69d/resource/417b98d57de11f1b384579731355e710/download/No_Template_Control_ITS_KP69D_AATGGAGC-TGCGTACG_S113_L001_I2.fastq.gz,417b98d57de11f1b384579731355e710,,51302,,,,,,,FASTQ,ITS,No_Template_Control,,KP69D,AATGGAGC-TGCGTACG,L001,I2,amdb-genomics-amplicon-control,S113
No_Template_Control_ITS_KP69D_AATGGAGC-TGCGTACG_S113_L001_R1.fastq.gz,,https://data.bioplatforms.com/dataset/bpa-amdb-genomics-amplicon-control-its-control-kp69d/resource/c5795c0d7af77cbff27cc15a3596a514/download/No_Template_Control_ITS_KP69D_AATGGAGC-TGCGTACG_S113_L001_R1.fastq.gz,c5795c0d7af77cbff27cc15a3596a514,,851681,,,,,,,FASTQ,ITS,No_Template_Control,,KP69D,AATGGAGC-TGCGTACG,L001,R1,amdb-genomics-amplicon-control,S113
No_Template_Control_ITS_KP69D_AATGGAGC-TGCGTACG_S113_L001_R2.fastq.gz,,https://data.bioplatforms.com/dataset/bpa-amdb-genomics-amplicon-control-its-control-kp69d/resource/7c078b2861441565711c34d789058847/download/No_Template_Control_ITS_KP69D_AATGGAGC-TGCGTACG_S113_L001_R2.fastq.gz,7c078b2861441565711c34d789058847,,1022505,,,,,,,FASTQ,ITS,No_Template_Control,,KP69D,AATGGAGC-TGCGTACG,L001,R2,amdb-genomics-amplicon-control,S113
No_Template_Control_ITS_KP69D_ACAAGGAG-TAGTGTAG_S114_L001_I1.fastq.gz,,https://data.bioplatforms.com/dataset/bpa-amdb-genomics-amplicon-control-its-control-kp69d/resource/31ccb847f17f43299f77f2ed4d3fe1e3/download/No_Template_Control_ITS_KP69D_ACAAGGAG-TAGTGTAG_S114_L001_I1.fastq.gz,31ccb847f17f43299f77f2ed4d3fe1e3,,85715,,,,,,,FASTQ,ITS,No_Template_Control,,KP69D,ACAAGGAG-TAGTGTAG,L001,I1,amdb-genomics-amplicon-control,S114
No_Template_Control_ITS_KP69D_ACAAGGAG-TAGTGTAG_S114_L001_I2.fastq.gz,,https://data.bioplatforms.com/dataset/bpa-amdb-genomics-amplicon-control-its-control-kp69d/resource/5034ce3eeca8b1c8e224edf973051658/download/No_Template_Control_ITS_KP69D_ACAAGGAG-TAGTGTAG_S114_L001_I2.fastq.gz,5034ce3eeca8b1c8e224edf973051658,,92763,,,,,,,FASTQ,ITS,No_Template_Control,,KP69D,ACAAGGAG-TAGTGTAG,L001,I2,amdb-genomics-amplicon-control,S114
No_Template_Control_ITS_KP69D_ACAAGGAG-TAGTGTAG_S114_L001_R1.fastq.gz,,https://data.bioplatforms.com/dataset/bpa-amdb-genomics-amplicon-control-its-control-kp69d/resource/887c7b89bd25f2f5f0de7fe9962c72dd/download/No_Template_Control_ITS_KP69D_ACAAGGAG-TAGTGTAG_S114_L001_R1.fastq.gz,887c7b89bd25f2f5f0de7fe9962c72dd,,1530792,,,,,,,FASTQ,ITS,No_Template_Control,,KP69D,ACAAGGAG-TAGTGTAG,L001,R1,amdb-genomics-amplicon-control,S114
No_Template_Control_ITS_KP69D_ACAAGGAG-TAGTGTAG_S114_L001_R2.fastq.gz,,https://data.bioplatforms.com/dataset/bpa-amdb-genomics-amplicon-control-its-control-kp69d/resource/2565bb8b2fd4ace6166c7cbadf6fbb5c/download/No_Template_Control_ITS_KP69D_ACAAGGAG-TAGTGTAG_S114_L001_R2.fastq.gz,2565bb8b2fd4ace6166c7cbadf6fbb5c,,1832172,,,,,,,FASTQ,ITS,No_Template_Control,,KP69D,ACAAGGAG-TAGTGTAG,L001,R2,amdb-genomics-amplicon-control,S114
Soil_DNA_ITS_KP69D_AATGGAGC-GACACTGA_S115_L001_I1.fastq.gz,,https://data.bioplatforms.com/dataset/bpa-amdb-genomics-amplicon-control-its-control-kp69d/resource/b403eb2aa0761bf497c840c3d84dfca1/download/Soil_DNA_ITS_KP69D_AATGGAGC-GACACTGA_S115_L001_I1.fastq.gz,b403eb2aa0761bf497c840c3d84dfca1,,3521204,,,,,,,FASTQ,ITS,Soil_DNA,,KP69D,AATGGAGC-GACACTGA,L001,I1,amdb-genomics-amplicon-control,S115
Soil_DNA_ITS_KP69D_AATGGAGC-GACACTGA_S115_L001_I2.fastq.gz,,https://data.bioplatforms.com/dataset/bpa-amdb-genomics-amplicon-control-its-control-kp69d/resource/df8fc36ff312aadbd5f00d9df9413894/download/Soil_DNA_ITS_KP69D_AATGGAGC-GACACTGA_S115_L001_I2.fastq.gz,df8fc36ff312aadbd5f00d9df9413894,,3808972,,,,,,,FASTQ,ITS,Soil_DNA,,KP69D,AATGGAGC-GACACTGA,L001,I2,amdb-genomics-amplicon-control,S115
Soil_DNA_ITS_KP69D_AATGGAGC-GACACTGA_S115_L001_R1.fastq.gz,,https://data.bioplatforms.com/dataset/bpa-amdb-genomics-amplicon-control-its-control-kp69d/resource/a10d308e86c07f92b1dfeb2575099320/download/Soil_DNA_ITS_KP69D_AATGGAGC-GACACTGA_S115_L001_R1.fastq.gz,a10d308e86c07f92b1dfeb2575099320,,78751111,,,,,,,FASTQ,ITS,Soil_DNA,,KP69D,AATGGAGC-GACACTGA,L001,R1,amdb-genomics-amplicon-control,S115
Soil_DNA_ITS_KP69D_AATGGAGC-GACACTGA_S115_L001_R2.fastq.gz,,https://data.bioplatforms.com/dataset/bpa-amdb-genomics-amplicon-control-its-control-kp69d/resource/ebf25c25fc74a7836c6d4fe9d2cbb3f6/download/Soil_DNA_ITS_KP69D_AATGGAGC-GACACTGA_S115_L001_R2.fastq.gz,ebf25c25fc74a7836c6d4fe9d2cbb3f6,,95424553,,,,,,,FASTQ,ITS,Soil_DNA,,KP69D,AATGGAGC-GACACTGA,L001,R2,amdb-genomics-amplicon-control,S115
Soil_DNA_ITS_KP69D_ACAAGGAG-TGCGTACG_S116_L001_I1.fastq.gz,,https://data.bioplatforms.com/dataset/bpa-amdb-genomics-amplicon-control-its-control-kp69d/resource/dd5fd547f620a85be7ed4a803b84d1ca/download/Soil_DNA_ITS_KP69D_ACAAGGAG-TGCGTACG_S116_L001_I1.fastq.gz,dd5fd547f620a85be7ed4a803b84d1ca,,3106336,,,,,,,FASTQ,ITS,Soil_DNA,,KP69D,ACAAGGAG-TGCGTACG,L001,I1,amdb-genomics-amplicon-control,S116
Soil_DNA_ITS_KP69D_ACAAGGAG-TGCGTACG_S116_L001_I2.fastq.gz,,https://data.bioplatforms.com/dataset/bpa-amdb-genomics-amplicon-control-its-control-kp69d/resource/3bde933b2642aff701709863e5e9fd1c/download/Soil_DNA_ITS_KP69D_ACAAGGAG-TGCGTACG_S116_L001_I2.fastq.gz,3bde933b2642aff701709863e5e9fd1c,,3583187,,,,,,,FASTQ,ITS,Soil_DNA,,KP69D,ACAAGGAG-TGCGTACG,L001,I2,amdb-genomics-amplicon-control,S116
Soil_DNA_ITS_KP69D_ACAAGGAG-TGCGTACG_S116_L001_R1.fastq.gz,,https://data.bioplatforms.com/dataset/bpa-amdb-genomics-amplicon-control-its-control-kp69d/resource/42b64f337a10edd5f0a1cf85060a02d4/download/Soil_DNA_ITS_KP69D_ACAAGGAG-TGCGTACG_S116_L001_R1.fastq.gz,42b64f337a10edd5f0a1cf85060a02d4,,70794305,,,,,,,FASTQ,ITS,Soil_DNA,,KP69D,ACAAGGAG-TGCGTACG,L001,R1,amdb-genomics-amplicon-control,S116
Soil_DNA_ITS_KP69D_ACAAGGAG-TGCGTACG_S116_L001_R2.fastq.gz,,https://data.bioplatforms.com/dataset/bpa-amdb-genomics-amplicon-control-its-control-kp69d/resource/aefaaf774fae360ba81675754374a067/download/Soil_DNA_ITS_KP69D_ACAAGGAG-TGCGTACG_S116_L001_R2.fastq.gz,aefaaf774fae360ba81675754374a067,,86265694,,,,,,,FASTQ,ITS,Soil_DNA,,KP69D,ACAAGGAG-TGCGTACG,L001,R2,amdb-genomics-amplicon-control,S116
