owner_org,title,notes,name,tag_string,spatial,license_id,resource_permissions,access_control_reason,access_control_date,access_control_mode,sequence_data_type,related_data,absorbance_260_280_ratio_submitter,absorbance_260_280_ratio_submitter_meth,acid_volatile_sulphides,acid_volatile_sulphides_meth,agrochem_addition,alkalinity,alkalinity_meth,allo,allo_meth,alpha_beta_car,alpha_beta_car_meth,am_environment,ammonium,ammonium_meth,ammonium_nitrogen_wt,ammonium_nitrogen_wt_meth,amplicon,analysis_software,analysis_software_version,analytical_platform,anth,anth_meth,antimony,antimony_meth,arsenic,arsenic_meth,asta,asta_meth,average_host_abundance,average_host_abundance_meth,barium,barium_meth,base_url,beta_beta_car,beta_beta_car_meth,beta_epi_car,beta_epi_car_meth,bicarbonate,bicarbonate_meth,bioplatforms_dataset_id,bioplatforms_project,bioplatforms_project_code,biotic_relationship,bleaching,bleaching_meth,boron_hot_cacl2,boron_hot_cacl2_meth,but_fuco,but_fuco_meth,cadmium,cadmium_meth,cantha,cantha_meth,carbonate,carbonate_meth,cast_id,cation_exchange_capacity,cation_exchange_capacity_meth,ccg_jira_ticket,cerium,cerium_meth,cesium,cesium_meth,chloride,chloride_meth,chlorophyll_a,chlorophyll_a_meth,chlorophyll_b,chlorophyll_b_meth,chlorophyll_c1,chlorophyll_c1_meth,chlorophyll_c1c2,chlorophyll_c1c2_meth,chlorophyll_c2,chlorophyll_c2_meth,chlorophyll_c3,chlorophyll_c3_meth,chlorophyll_ctd,chlorophyll_ctd_meth,chromium,chromium_meth,citation,clay,clay_meth,coarse_sand,coarse_sand_meth,coastal_id,cobalt,cobalt_meth,collection_date,collection_permit,color,color_meth,comments,conductivity,conductivity_aqueous,conductivity_aqueous_meth,conductivity_meth,cphlide_a,cphlide_a_meth,crop_rotation_1yr_since_present,crop_rotation_2yrs_since_present,crop_rotation_3yrs_since_present,crop_rotation_4yrs_since_present,crop_rotation_5yrs_since_present,data_type,database_schema_definitions_url,dataset_id,date_of_transfer,date_of_transfer_to_archive,date_since_change_in_land_use,days_since_planting,density,density_meth,depth,depth_lower,depth_upper,description,diadchr,diadchr_meth,diadino,diadino_meth,diato,diato_meth,dilution_used,dino,dino_meth,dna_concentration_submitter,dna_concentration_submitter_meth,download,dtpa_copper,dtpa_copper_meth,dtpa_iron,dtpa_iron_meth,dtpa_manganese,dtpa_manganese_meth,dtpa_zinc,dtpa_zinc_meth,dv_cphl_a,dv_cphl_a_and_cphl_a,dv_cphl_a_and_cphl_a_meth,dv_cphl_a_meth,dv_cphl_b,dv_cphl_b_and_cphl_b,dv_cphl_b_and_cphl_b_meth,dv_cphl_b_meth,dysprosium,dysprosium_meth,echin,echin_meth,elev,env_broad_scale,env_local_scale,env_medium,erbium,erbium_meth,europium,europium_meth,exc_aluminium,exc_aluminium_meth,exc_calcium,exc_calcium_meth,exc_magnesium,exc_magnesium_meth,exc_potassium,exc_potassium_meth,exc_sodium,exc_sodium_meth,extreme_event,file_count,fine_sand,fine_sand_meth,fine_sediment,fine_sediment_meth,fire,fire_intensity_if_known,flooding,flow_id,fluor,fluor_meth,folder_name,fouling,fouling_meth,fouling_organisms,fresh_weight,fresh_weight_meth,fuco,fuco_meth,funding_agency,gadolinium,gadolinium_meth,gallium,gallium_meth,general_env_feature,geo_loc_name,germanium,germanium_meth,gold,gold_meth,gravel,gravel_meth,grazing,grazing_meth,grazing_number,grazing_number_meth,gyro,gyro_meth,hafnium,hafnium_meth,hex_fuco,hex_fuco_meth,holmium,holmium_meth,horizon,host_abundance,host_abundance_mean,host_abundance_mean_meth,host_abundance_meth,host_abundance_seaweed_mean,host_abundance_seaweed_mean_meth,host_associated_microbiome_zone,host_length,host_length_meth,host_species_variety,host_state,host_type,hyperspectral_analysis,hyperspectral_analysis_meth,icp_te_boron,icp_te_boron_meth,icp_te_calcium,icp_te_calcium_meth,icp_te_copper,icp_te_copper_meth,icp_te_iron,icp_te_iron_meth,icp_te_manganese,icp_te_manganese_meth,icp_te_phosphorus,icp_te_phosphorus_meth,icp_te_sulfur,icp_te_sulfur_meth,icp_te_zinc,icp_te_zinc_meth,immediate_previous_land_use,imos_site_code,index,information,inorganic_fraction,inorganic_fraction_meth,iridium,iridium_meth,keto_hex_fuco,keto_hex_fuco_meth,lanthanum,lanthanum_meth,lat_lon,latitude,lead,lead_meth,light_intensity,light_intensity_bottom,light_intensity_bottom_meth,light_intensity_meadow,light_intensity_meadow_meth,light_intensity_meth,light_intensity_surface,light_intensity_surface_meth,local_class,local_class_meth,longitude,lut,lut_meth,lutetium,lutetium_meth,lyco,lyco_meth,magnesium,magnesium_meth,mg_dvp,mg_dvp_meth,microbial_abundance,microbial_abundance_meth,microbial_biomass,microbial_biomass_meth,molybdenum,molybdenum_meth,mud,mud_meth,myxo,myxo_meth,ncbi_bioproject_accession_number,ncbi_biosample_accession_number,neo,neo_meth,neodymium,neodymium_meth,nickel,nickel_meth,niobium_columbium,niobium_columbium_meth,nitrate,nitrate_meth,nitrate_nitrite,nitrate_nitrite_meth,nitrate_nitrogen,nitrate_nitrogen_meth,nitrite,nitrite_meth,npic,npic_meth,npoc,npoc_meth,nrs_sample_code,nrs_trip_code,nucl_acid_ext,omics,org_matter,org_matter_meth,organic_carbon,organic_carbon_meth,organic_fraction,organic_fraction_meth,osmium,osmium_meth,oxygen,oxygen_ctd_vol,oxygen_ctd_vol_meth,oxygen_ctd_wt,oxygen_ctd_wt_meth,oxygen_meth,palladium,palladium_meth,pam_fluorometer,pam_fluorometer_meth,par,par_meth,part_org_carb,part_org_carb_meth,pass_fail,pcr_plate_name,perid,perid_meth,ph,ph_meth,ph_solid_h2o,ph_solid_h2o_meth,phide_a,phide_a_meth,phosphate,phosphate_meth,phosphorus_colwell,phosphorus_colwell_meth,phytin_a,phytin_a_meth,phytin_b,phytin_b_meth,picoeukaryotes,picoeukaryotes_meth,plant_id,plant_stage,plant_stage_meth,platinum,platinum_meth,pn,pn_meth,potassium,potassium_colwell,potassium_colwell_meth,potassium_meth,pras,pras_meth,praseodymium,praseodymium_meth,pres_rel,pres_rel_meth,prochlorococcus,prochlorococcus_meth,profile_position,pyrophide_a,pyrophide_a_meth,pyrophytin_a,pyrophytin_a_meth,reads,rhodium,rhodium_meth,root_length,root_length_meth,rosette_position,rubidium,rubidium_meth,ruthenium,ruthenium_meth,salinity,salinity_lab,salinity_lab_meth,salinity_meth,samarium,samarium_meth,samp_collect_device,samp_mat_process,samp_size,samp_vol_we_dna_ext,sample_attribution,sample_database_file,sample_id,sample_integrity_warnings,sample_metadata_ingest_date,sample_metadata_ingest_file,sample_metadata_update_history,sample_site_location_description,sample_submitter,sample_type,sample_volume_notes,sand,sand_meth,scandium,scandium_meth,secchi_depth,secchi_depth_meth,sediment_grain_size,sediment_grain_size_fract,sediment_grain_size_fract_meth,sediment_grain_size_meth,sediment_porewater_h4sio4,sediment_porewater_h4sio4_meth,sediment_porewater_nh4,sediment_porewater_nh4_meth,sediment_porewater_no2,sediment_porewater_no2_meth,sediment_porewater_no3,sediment_porewater_no3_meth,sediment_porewater_po43,sediment_porewater_po43_meth,sedimentation_rate,sedimentation_rate_meth,selenium,selenium_meth,sequencing_facility,shoot_length,shoot_length_meth,silicate,silicate_meth,silt,silt_meth,silver,silver_meth,sio2,sio2_meth,slope_aspect,slope_aspect_meth,slope_gradient,slope_gradient_meth,sodium,sodium_meth,source_mat_id,specific_host,store_cond,strontium,strontium_meth,sulphur,sulphur_meth,synechococcus,synechococcus_meth,synonyms,tantalum,tantalum_meth,target,temp,temp_meth,terbium,terbium_meth,texture,texture_meth,thorium,thorium_meth,thulium,thulium_meth,ticket,tillage,tin,tin_meth,tot_carb,tot_carb_meth,tot_depth_water_col,tot_depth_water_col_meth,tot_nitro,tot_nitro_meth,tot_org_c_meth,tot_org_carb,tot_phosp,tot_phosp_meth,total_co2,total_co2_meth,total_inorganic_carbon,total_inorganic_carbon_meth,total_nitrogen,total_nitrogen_meth,total_phosphorous,total_phosphorous_meth,touching_organisms,transmittance,transmittance_meth,tss,tss_meth,tungsten,tungsten_meth,turbidity,turbidity_meth,uranium,uranium_meth,url,utc_date_sampled,utc_time_sampled,vanadium,vanadium_meth,vegetation_dom_grasses,vegetation_dom_grasses_meth,vegetation_dom_shrubs,vegetation_dom_shrubs_meth,vegetation_dom_trees,vegetation_dom_trees_meth,vegetation_total_cover,vegetation_total_cover_meth,vegetation_type,viola,viola_meth,voyage_code,voyage_survey_link,water_content,water_content_soil_meth,water_holding_capacity,water_holding_capacity_meth,ytterbium,ytterbium_meth,yttrium,yttrium_meth,zea,zea_meth,zirconium,zirconium_meth,zooplankton_biomass,zooplankton_biomass_meth
75a9f0a5-fc60-4af6-b455-32e2011d969b,Australian Microbiome Amplicons 16S 102.100.100/138511 K39YG,"BBLDSS1, 16S MiSeq",bpa-amdb-genomics-amplicon-16s-138511-k39yg_ggtgtcta-aagcagca,,"{""coordinates"": [142.02097, -35.51706], ""type"": ""Point""}",CC-BY-4.0-AU,organization_member_after_embargo:date_of_transfer_to_archive:90:am-consortium-members,,2022-02-01,date,illumina-amplicons,doi:10.25953/ep2x-jh13,,,,,,,,,,,,Soil,,,3.0,meth_2.1,16S,MiSeq Reporter,2.6.2.3,MiSeq,,,,,,,,,,,,,https://downloads-qcif.bioplatforms.com/bpa/amd/amplicons-miseq/16s/BPAOPS-1159/,,,,,,,102.100.100/401950,Australian Microbiome Initiative (AM),AM_DNP,Free-living,,,0.4,meth_2.1,,,,,,,,,,,,BPAOPS-1159,,,,,,,,,,,,,,,,,,,,,,,,7.73,meth_2.1,83.71,meth_2.1,,,,2019-10-28T10:00:00,,GR,meth_2.1,138511_16S_K39YG_GGTGTCTA-AAGCAGCA,0.069,,,meth_2.1,,,,,,,,16S,https://github.com/AusMicrobiome/contextualdb_doc/raw/4.0.0/db_schema_definitions/db_schema_definitions.xlsx,102.100.100/401950,2021-11-03,2021-11-03,,,,,0.0,0.1,0.0,MiSeq data package,,,,,,,Neat,,,,,,0.24,meth_2.1,26.8,meth_2.1,21.34,meth_2.1,1.15,meth_2.1,,,,,,,,,,,,,102.0,1 Conservation and Natural Environments,1.1 Nature conservation,Soil [ENVO_00001998],,,,,0.04,meth_2.1,3.66,meth_2.1,0.93,meth_2.1,0.14,meth_2.1,0.39,meth_2.1,,,6.6,meth_2.1,,,,,,K39YG,,,20211103_AM_16S_UNSW_K39YG,,,,,,,,,,,,,Semi arid,Australia:Victoria,,,,,0,meth_2.1,,,,,,,,,,,,,,,,,,,,,,,,,,,,,,,,,,,,,,,,,,,,,,GGTGTCTA-AAGCAGCA,,,,,,,,,,-35.51706 142.02097,-35.51706,,,,,,,,,,,,,142.02097,,,,,,,,,,,,,,,,,,,,,,,,,,,,,,,,,,,1e-10,meth_2.1,,,,,,,,,,Genomics,,,1.11,meth_2.1,,,,,,,,,,,,,,,,,,,P,,,,5.4,meth_2.1,6.6,meth_2.1,,,,,4.0,meth_2.1,,,,,,,,,,,,,,,66.0,meth_2.1,,,,,,,,,,,,,,,109270.0,,,,,,,,,,,,,,,,,,,,,AM_db_v4.0_202303211058.db,102.100.100/138511,,2022-08-04 11:42:26,Little_desert_soils_xlsxUTC_convert_xlsx,Litte_desert_BB_CSBP_210624_PrePaid_001_AM_SOIL_format_UPDATE_xlsx; soil_depths_little_desert_LowHead_UPDATE_xlsx; Soil_geo_loc_name_UPDATE2_xlsx; AM_add_meth_for_ALL_DB_UPDATE_xlsx;,BBLDSS1,bissett,Soil,,90.31,meth_2.1,,,,,,,,,,,,,,,,,,,,,,,Ramaciotti,,,,,1.96,meth_2.1,,,,,NE,,0.0,,,,102.100.100/138511,,,,,4.0,meth_2.1,,,,,,16S,,,,,1.5,meth_2.1,,,,,BPAOPS-1159,,,,,,,,,,,,,,,,,,0.06,meth_2.1,,,,,,,,,,,,,,https://data.bioplatforms.com//organization/australian-microbiome?q=sample_id:102.100.100/138511,2019-10-28,10:00:00,,,,,,,,,95.0,,Woodland,,,,,,,,,,,,,,,,,,
75a9f0a5-fc60-4af6-b455-32e2011d969b,Australian Microbiome Amplicons 16S 102.100.100/138512 K39YG,"BBLDSS1, 16S MiSeq",bpa-amdb-genomics-amplicon-16s-138512-k39yg_ggtgtcta-acgcgtga,,"{""coordinates"": [142.02097, -35.51706], ""type"": ""Point""}",CC-BY-4.0-AU,organization_member_after_embargo:date_of_transfer_to_archive:90:am-consortium-members,,2022-02-01,date,illumina-amplicons,doi:10.25953/ep2x-jh13,,,,,,,,,,,,Soil,,,1.0,meth_2.1,16S,MiSeq Reporter,2.6.2.3,MiSeq,,,,,,,,,,,,,https://downloads-qcif.bioplatforms.com/bpa/amd/amplicons-miseq/16s/BPAOPS-1159/,,,,,,,102.100.100/401950,Australian Microbiome Initiative (AM),AM_DNP,Free-living,,,3.78,meth_2.1,,,,,,,,,,,,BPAOPS-1159,,,,,,,,,,,,,,,,,,,,,,,,22.39,meth_2.1,69.13,meth_2.1,,,,2019-10-28T11:00:00,,DKGR,meth_2.1,138512_16S_K39YG_GGTGTCTA-ACGCGTGA,0.658,,,meth_2.1,,,,,,,,16S,https://github.com/AusMicrobiome/contextualdb_doc/raw/4.0.0/db_schema_definitions/db_schema_definitions.xlsx,102.100.100/401950,2021-11-03,2021-11-03,,,,,0.2,0.3,0.2,MiSeq data package,,,,,,,Neat,,,,,,0.65,meth_2.1,17.0,meth_2.1,11.85,meth_2.1,8.42,meth_2.1,,,,,,,,,,,,,102.0,1 Conservation and Natural Environments,1.1 Nature conservation,Soil [ENVO_00001998],,,,,0.1,meth_2.1,7.14,meth_2.1,3.47,meth_2.1,0.34,meth_2.1,6.6,meth_2.1,,,8.47,meth_2.1,,,,,,K39YG,,,20211103_AM_16S_UNSW_K39YG,,,,,,,,,,,,,Semi arid,Australia:Victoria,,,,,5-10,meth_2.1,,,,,,,,,,,,,,,,,,,,,,,,,,,,,,,,,,,,,,,,,,,,,,GGTGTCTA-ACGCGTGA,,,,,,,,,,-35.51706 142.02097,-35.51706,,,,,,,,,,,,,142.02097,,,,,,,,,,,,,,,,,,,,,,,,,,,,,,,,,,,1e-10,meth_2.1,,,,,,,,,,Genomics,,,0.77,meth_2.1,,,,,,,,,,,,,,,,,,,P,,,,8.4,meth_2.1,9.7,meth_2.1,,,,,2.0,meth_2.1,,,,,,,,,,,,,,,144.0,meth_2.1,,,,,,,,,,,,,,,100478.0,,,,,,,,,,,,,,,,,,,,,AM_db_v4.0_202303211058.db,102.100.100/138512,,2022-08-04 11:42:26,Little_desert_soils_xlsxUTC_convert_xlsx,Litte_desert_BB_CSBP_210624_PrePaid_001_AM_SOIL_format_UPDATE_xlsx; soil_depths_little_desert_LowHead_UPDATE_xlsx; Soil_geo_loc_name_UPDATE2_xlsx; AM_add_meth_for_ALL_DB_UPDATE_xlsx;,BBLDSS1,bissett,Soil,,77.6,meth_2.1,,,,,,,,,,,,,,,,,,,,,,,Ramaciotti,,,,,1e-10,meth_2.1,,,,,NE,,0.0,,,,102.100.100/138512,,,,,26.0,meth_2.1,,,,,,16S,,,,,2.0,meth_2.1,,,,,BPAOPS-1159,,,,,,,,,,,,,,,,,,0.05,meth_2.1,,,,,,,,,,,,,,https://data.bioplatforms.com//organization/australian-microbiome?q=sample_id:102.100.100/138512,2019-10-28,11:00:00,,,,,,,,,95.0,,Woodland,,,,,,,,,,,,,,,,,,
75a9f0a5-fc60-4af6-b455-32e2011d969b,Australian Microbiome Amplicons 16S 102.100.100/138513 K39YG,"BBLDSS2, 16S MiSeq",bpa-amdb-genomics-amplicon-16s-138513-k39yg_ggtgtcta-cgatctac,,"{""coordinates"": [141.33691, -36.56989], ""type"": ""Point""}",CC-BY-4.0-AU,organization_member_after_embargo:date_of_transfer_to_archive:90:am-consortium-members,,2022-02-01,date,illumina-amplicons,doi:10.25953/ep2x-jh13,,,,,,,,,,,,Soil,,,1.0,meth_2.1,16S,MiSeq Reporter,2.6.2.3,MiSeq,,,,,,,,,,,,,https://downloads-qcif.bioplatforms.com/bpa/amd/amplicons-miseq/16s/BPAOPS-1159/,,,,,,,102.100.100/401950,Australian Microbiome Initiative (AM),AM_DNP,Free-living,,,0.18,meth_2.1,,,,,,,,,,,,BPAOPS-1159,,,,,,,,,,,,,,,,,,,,,,,,2.95,meth_2.1,90.88,meth_2.1,,,,2019-10-28T12:00:00,,LTGR,meth_2.1,138513_16S_K39YG_GGTGTCTA-CGATCTAC,0.024,,,meth_2.1,,,,,,,,16S,https://github.com/AusMicrobiome/contextualdb_doc/raw/4.0.0/db_schema_definitions/db_schema_definitions.xlsx,102.100.100/401950,2021-11-03,2021-11-03,,,,,0.0,0.1,0.0,MiSeq data package,,,,,,,Neat,,,,,,0.14,meth_2.1,20.7,meth_2.1,3.56,meth_2.1,0.27,meth_2.1,,,,,,,,,,,,,135.0,1 Conservation and Natural Environments,1.1 Nature conservation,Soil [ENVO_00001998],,,,,0.07,meth_2.1,1.79,meth_2.1,0.31,meth_2.1,0.07,meth_2.1,0.04,meth_2.1,,,5.17,meth_2.1,,,,,,K39YG,,,20211103_AM_16S_UNSW_K39YG,,,,,,,,,,,,,Semi arid,Australia:Victoria,,,,,0,meth_2.1,,,,,,,,,,,,,,,,,,,,,,,,,,,,,,,,,,,,,,,,,,,,,,GGTGTCTA-CGATCTAC,,,,,,,,,,-36.56989 141.33691,-36.56989,,,,,,,,,,,,,141.33691,,,,,,,,,,,,,,,,,,,,,,,,,,,,,,,,,,,1e-10,meth_2.1,,,,,,,,,,Genomics,,,0.7,meth_2.1,,,,,,,,,,,,,,,,,,,P,,,,5.7,meth_2.1,6.6,meth_2.1,,,,,1e-10,meth_2.1,,,,,,,,,,,,,,,36.0,meth_2.1,,,,,,,,,,,,,,,87437.0,,,,,,,,,,,,,,,,,,,,,AM_db_v4.0_202303211058.db,102.100.100/138513,,2022-08-04 11:42:26,Little_desert_soils_xlsxUTC_convert_xlsx,Litte_desert_BB_CSBP_210624_PrePaid_001_AM_SOIL_format_UPDATE_xlsx; soil_depths_little_desert_LowHead_UPDATE_xlsx; Soil_geo_loc_name_UPDATE2_xlsx; AM_add_meth_for_ALL_DB_UPDATE_xlsx;,BBLDSS2,bissett,Soil,,96.05,meth_2.1,,,,,,,,,,,,,,,,,,,,,,,Ramaciotti,,,,,1.0,meth_2.1,,,,,,,0.0,,,,102.100.100/138513,,,,,2.0,meth_2.1,,,,,,16S,,,,,1.0,meth_2.1,,,,,BPAOPS-1159,,,,,,,,,,,,,,,,,,0.04,meth_2.1,,,,,,,,,,,,,,https://data.bioplatforms.com//organization/australian-microbiome?q=sample_id:102.100.100/138513,2019-10-28,12:00:00,,,,,,,,,5.0,,Woodland,,,,,,,,,,,,,,,,,,
75a9f0a5-fc60-4af6-b455-32e2011d969b,Australian Microbiome Amplicons 16S 102.100.100/138514 K39YG,"BBLDSS2, 16S MiSeq",bpa-amdb-genomics-amplicon-16s-138514-k39yg_ggtgtcta-acgacgtg,,"{""coordinates"": [141.33691, -36.56989], ""type"": ""Point""}",CC-BY-4.0-AU,organization_member_after_embargo:date_of_transfer_to_archive:90:am-consortium-members,,2022-02-01,date,illumina-amplicons,doi:10.25953/ep2x-jh13,,,,,,,,,,,,Soil,,,1e-10,meth_2.1,16S,MiSeq Reporter,2.6.2.3,MiSeq,,,,,,,,,,,,,https://downloads-qcif.bioplatforms.com/bpa/amd/amplicons-miseq/16s/BPAOPS-1159/,,,,,,,102.100.100/401950,Australian Microbiome Initiative (AM),AM_DNP,Free-living,,,0.1,meth_2.1,,,,,,,,,,,,BPAOPS-1159,,,,,,,,,,,,,,,,,,,,,,,,3.83,meth_2.1,90.31,meth_2.1,,,,2019-10-28T12:00:00,,GRWH,meth_2.1,138514_16S_K39YG_GGTGTCTA-ACGACGTG,0.024,,,meth_2.1,,,,,,,,16S,https://github.com/AusMicrobiome/contextualdb_doc/raw/4.0.0/db_schema_definitions/db_schema_definitions.xlsx,102.100.100/401950,2021-11-03,2021-11-03,,,,,0.2,0.3,0.2,MiSeq data package,,,,,,,Neat,,,,,,0.15,meth_2.1,14.8,meth_2.1,0.18,meth_2.1,0.14,meth_2.1,,,,,,,,,,,,,135.0,1 Conservation and Natural Environments,1.1 Nature conservation,Soil [ENVO_00001998],,,,,0.07,meth_2.1,0.48,meth_2.1,0.15,meth_2.1,0.05,meth_2.1,0.03,meth_2.1,,,5.86,meth_2.1,,,,,,K39YG,,,20211103_AM_16S_UNSW_K39YG,,,,,,,,,,,,,Semi arid,Australia:Victoria,,,,,0,meth_2.1,,,,,,,,,,,,,,,,,,,,,,,,,,,,,,,,,,,,,,,,,,,,,,GGTGTCTA-ACGACGTG,,,,,,,,,,-36.56989 141.33691,-36.56989,,,,,,,,,,,,,141.33691,,,,,,,,,,,,,,,,,,,,,,,,,,,,,,,,,,,1e-10,meth_2.1,,,,,,,,,,Genomics,,,0.14,meth_2.1,,,,,,,,,,,,,,,,,,,P,,,,7.4,meth_2.1,8.3,meth_2.1,,,,,1e-10,meth_2.1,,,,,,,,,,,,,,,18.0,meth_2.1,,,,,,,,,,,,,,,110079.0,,,,,,,,,,,,,,,,,,,,,AM_db_v4.0_202303211058.db,102.100.100/138514,,2022-08-04 11:42:26,Little_desert_soils_xlsxUTC_convert_xlsx,Litte_desert_BB_CSBP_210624_PrePaid_001_AM_SOIL_format_UPDATE_xlsx; soil_depths_little_desert_LowHead_UPDATE_xlsx; Soil_geo_loc_name_UPDATE2_xlsx; AM_add_meth_for_ALL_DB_UPDATE_xlsx;,BBLDSS2,bissett,Soil,,96.17,meth_2.1,,,,,,,,,,,,,,,,,,,,,,,Ramaciotti,,,,,1e-10,meth_2.1,,,,,,,0.0,,,,102.100.100/138514,,,,,2.3,meth_2.1,,,,,,16S,,,,,1.0,meth_2.1,,,,,BPAOPS-1159,,,,,,,,,,,,,,,,,,1e-10,meth_2.1,,,,,,,,,,,,,,https://data.bioplatforms.com//organization/australian-microbiome?q=sample_id:102.100.100/138514,2019-10-28,12:00:00,,,,,,,,,5.0,,Woodland,,,,,,,,,,,,,,,,,,
75a9f0a5-fc60-4af6-b455-32e2011d969b,Australian Microbiome Amplicons 16S 102.100.100/138515 K39YG,"pink lake, 16S MiSeq",bpa-amdb-genomics-amplicon-16s-138515-k39yg_ggtgtcta-gtctagtg,,"{""coordinates"": [141.96059, -36.40655], ""type"": ""Point""}",CC-BY-4.0-AU,organization_member_after_embargo:date_of_transfer_to_archive:90:am-consortium-members,,2022-02-01,date,illumina-amplicons,doi:10.25953/ep2x-jh13,,,,,,,,,,,,Soil,,,3.0,meth_2.1,16S,MiSeq Reporter,2.6.2.3,MiSeq,,,,,,,,,,,,,https://downloads-qcif.bioplatforms.com/bpa/amd/amplicons-miseq/16s/BPAOPS-1159/,,,,,,,102.100.100/401950,Australian Microbiome Initiative (AM),AM_DNP,Free-living,,,5.99,meth_2.1,,,,,,,,,,,,BPAOPS-1159,,,,,,,,,,,,,,,,,,,,,,,,11.44,meth_2.1,69.82,meth_2.1,,,,2019-10-28T23:00:00,,GR,meth_2.1,138515_16S_K39YG_GGTGTCTA-GTCTAGTG,3.257,,,meth_2.1,,,,,,,,16S,https://github.com/AusMicrobiome/contextualdb_doc/raw/4.0.0/db_schema_definitions/db_schema_definitions.xlsx,102.100.100/401950,2021-11-03,2021-11-03,,,,,0.0,0.1,0.0,MiSeq data package,,,,,,,Neat,,,,,,0.36,meth_2.1,18.2,meth_2.1,1.53,meth_2.1,0.64,meth_2.1,,,,,,,,,,,,,85.0,1 Conservation and Natural Environments,1.1 Nature conservation,Soil [ENVO_00001998],,,,,0.05,meth_2.1,5.04,meth_2.1,3.06,meth_2.1,0.48,meth_2.1,12.31,meth_2.1,,,16.82,meth_2.1,,,,,,K39YG,,,20211103_AM_16S_UNSW_K39YG,,,,,,,,,,,,,Semi arid,Australia:Victoria,,,,,0,meth_2.1,,,,,,,,,,,,,,,,,,,,,,,,,,,,,,,,,,,,,,,,,,,,,,GGTGTCTA-GTCTAGTG,,,,,,,,,,-36.40655 141.96059,-36.40655,,,,,,,,,,,,,141.96059,,,,,,,,,,,,,,,,,,,,,,,,,,,,,,,,,,,1e-10,meth_2.1,,,,,,,,,,Genomics,,,0.53,meth_2.1,,,,,,,,,,,,,,,,,,,P,,,,8.3,meth_2.1,8.8,meth_2.1,,,,,8.0,meth_2.1,,,,,,,,,,,,,,,214.0,meth_2.1,,,,,,,,,,,,,,,100474.0,,,,,,,,,,,,,,,,,,,,,AM_db_v4.0_202303211058.db,102.100.100/138515,,2022-08-04 11:42:26,Little_desert_soils_xlsxUTC_convert_xlsx,Litte_desert_BB_CSBP_210624_PrePaid_001_AM_SOIL_format_UPDATE_xlsx; soil_depths_little_desert_LowHead_UPDATE_xlsx; Soil_geo_loc_name_UPDATE2_xlsx; AM_add_meth_for_ALL_DB_UPDATE_xlsx;,pink lake,bissett,Soil,,86.64,meth_2.1,,,,,,,,,,,,,,,,,,,,,,,Ramaciotti,,,,,1.92,meth_2.1,,,,,,,0.0,,,,102.100.100/138515,,,,,507.9,meth_2.1,,,,,,16S,,,,,1.5,meth_2.1,,,,,BPAOPS-1159,,,,,,,,,,,,,,,,,,0.05,meth_2.1,,,,,,,,,,,,,,https://data.bioplatforms.com//organization/australian-microbiome?q=sample_id:102.100.100/138515,2019-10-28,23:00:00,,,,,,,,,85.0,,Heathland,,,,,,,,,,,,,,,,,,
75a9f0a5-fc60-4af6-b455-32e2011d969b,Australian Microbiome Amplicons 16S 102.100.100/138516 K39YG,"pink lake, 16S MiSeq",bpa-amdb-genomics-amplicon-16s-138516-k39yg_ggtgtcta-ctagtatg,,"{""coordinates"": [141.96059, -36.40655], ""type"": ""Point""}",CC-BY-4.0-AU,organization_member_after_embargo:date_of_transfer_to_archive:90:am-consortium-members,,2022-02-01,date,illumina-amplicons,doi:10.25953/ep2x-jh13,,,,,,,,,,,,Soil,,,2.0,meth_2.1,16S,MiSeq Reporter,2.6.2.3,MiSeq,,,,,,,,,,,,,https://downloads-qcif.bioplatforms.com/bpa/amd/amplicons-miseq/16s/BPAOPS-1159/,,,,,,,102.100.100/401950,Australian Microbiome Initiative (AM),AM_DNP,Free-living,,,8.0,meth_2.1,,,,,,,,,,,,BPAOPS-1159,,,,,,,,,,,,,,,,,,,,,,,,18.75,meth_2.1,62.32,meth_2.1,,,,2019-10-28T23:00:00,,GR,meth_2.1,138516_16S_K39YG_GGTGTCTA-CTAGTATG,3.286,,,meth_2.1,,,,,,,,16S,https://github.com/AusMicrobiome/contextualdb_doc/raw/4.0.0/db_schema_definitions/db_schema_definitions.xlsx,102.100.100/401950,2021-11-03,2021-11-03,,,,,0.2,0.3,0.2,MiSeq data package,,,,,,,Neat,,,,,,0.58,meth_2.1,8.4,meth_2.1,0.9,meth_2.1,0.32,meth_2.1,,,,,,,,,,,,,85.0,1 Conservation and Natural Environments,1.1 Nature conservation,Soil [ENVO_00001998],,,,,0.07,meth_2.1,5.22,meth_2.1,2.95,meth_2.1,0.83,meth_2.1,12.94,meth_2.1,,,16.95,meth_2.1,,,,,,K39YG,,,20211103_AM_16S_UNSW_K39YG,,,,,,,,,,,,,Semi arid,Australia:Victoria,,,,,5-10,meth_2.1,,,,,,,,,,,,,,,,,,,,,,,,,,,,,,,,,,,,,,,,,,,,,,GGTGTCTA-CTAGTATG,,,,,,,,,,-36.40655 141.96059,-36.40655,,,,,,,,,,,,,141.96059,,,,,,,,,,,,,,,,,,,,,,,,,,,,,,,,,,,1e-10,meth_2.1,,,,,,,,,,Genomics,,,0.23,meth_2.1,,,,,,,,,,,,,,,,,,,P,,,,8.4,meth_2.1,9.4,meth_2.1,,,,,1e-10,meth_2.1,,,,,,,,,,,,,,,326.0,meth_2.1,,,,,,,,,,,,,,,89219.0,,,,,,,,,,,,,,,,,,,,,AM_db_v4.0_202303211058.db,102.100.100/138516,,2022-08-04 11:42:26,Little_desert_soils_xlsxUTC_convert_xlsx,Litte_desert_BB_CSBP_210624_PrePaid_001_AM_SOIL_format_UPDATE_xlsx; soil_depths_little_desert_LowHead_UPDATE_xlsx; Soil_geo_loc_name_UPDATE2_xlsx; AM_add_meth_for_ALL_DB_UPDATE_xlsx;,pink lake,bissett,Soil,,79.27,meth_2.1,,,,,,,,,,,,,,,,,,,,,,,Ramaciotti,,,,,1.98,meth_2.1,,,,,,,0.0,,,,102.100.100/138516,,,,,322.5,meth_2.1,,,,,,16S,,,,,2.0,meth_2.1,,,,,BPAOPS-1159,,,,,,,,,,,,,,,,,,0.02,meth_2.1,,,,,,,,,,,,,,https://data.bioplatforms.com//organization/australian-microbiome?q=sample_id:102.100.100/138516,2019-10-28,23:00:00,,,,,,,,,85.0,,Heathland,,,,,,,,,,,,,,,,,,
75a9f0a5-fc60-4af6-b455-32e2011d969b,Australian Microbiome Amplicons 16S 102.100.100/138524 K39YG,"Low Head, 16S MiSeq",bpa-amdb-genomics-amplicon-16s-138524-k39yg_agtagagg-aagcagca,,"{""coordinates"": [147.00798, -41.0368], ""type"": ""Point""}",CC-BY-4.0-AU,organization_member_after_embargo:date_of_transfer_to_archive:90:am-consortium-members,,2022-02-01,date,illumina-amplicons,doi:10.25953/ep2x-jh13,,,,,,,,,,,,Soil,,,3.0,meth_2.1,16S,MiSeq Reporter,2.6.2.3,MiSeq,,,,,,,,,,,,,https://downloads-qcif.bioplatforms.com/bpa/amd/amplicons-miseq/16s/BPAOPS-1159/,,,,,,,102.100.100/401950,Australian Microbiome Initiative (AM),AM_DNP,Free-living,,,0.27,meth_2.1,,,,,,,,,,,,BPAOPS-1159,,,,,,,,,,,,,,,,,,,,,,,,7.91,meth_2.1,79.97,meth_2.1,,,,2022-03-15T23:40:00,,GR,meth_2.1,138524_16S_K39YG_AGTAGAGG-AAGCAGCA,0.063,,,meth_2.1,,,,,,,,16S,https://github.com/AusMicrobiome/contextualdb_doc/raw/4.0.0/db_schema_definitions/db_schema_definitions.xlsx,102.100.100/401950,2021-11-03,2021-11-03,,,,,0.0,0.1,0.0,MiSeq data package,,,,,,,Neat,,,,,,0.21,meth_2.1,42.2,meth_2.1,11.71,meth_2.1,0.63,meth_2.1,,,,,,,,,,,,,,1 Conservation and Natural Environments,1.1.4 Natural feature protection,Soil [ENVO_00001998],,,,,0.17,meth_2.1,2.82,meth_2.1,0.86,meth_2.1,0.13,meth_2.1,0.16,meth_2.1,,,10.12,meth_2.1,,,,,,K39YG,,,20211103_AM_16S_UNSW_K39YG,,,,,,,,,,,,,Coastal (coastal terrestrial including cliff; rocky shore),Australia:Tasmania,,,,,5,meth_2.1,,,,,,,,,,,,,,,,,,,,,,,,,,,,,,,,,,,,,,,,,,,,,,AGTAGAGG-AAGCAGCA,,,,,,,,,,-41.0368 147.00798,-41.0368,,,,,,,,,,,,,147.00798,,,,,,,,,,,,,,,,,,,,,,,,,,,,,,,,,,,1e-10,meth_2.1,,,,,,,,,meth_3.1.1,Genomics,,,2.17,meth_2.1,,,,,,,,,,,,,,,,,,,P,,,,3.7,meth_2.1,4.8,meth_2.1,,,,,3.0,meth_2.1,,,,,,,,,,,,,,,56.0,meth_2.1,,,,,,,,,,,,,,,90506.0,,,,,,,,,,,,,,,,meth_1.1,,,,,AM_db_v4.0_202303211058.db,102.100.100/138524,,2022-08-04 11:42:29,LOW_HEAD_metadata_xlsxUTC_convert_xlsx,LOW_HEAD_CSBP_210507_PREPAID_001_AM_SOIL_format_UPDATE_xlsx; soil_depths_LowHead_UPDATE_xlsx; AM_curate_geo_loc_name_UPDATE_xlsx; AM_add_meth_for_ALL_DB_UPDATE_xlsx;,Low Head,Bissett,Soil,,90.09,meth_2.1,,,,,,,,,,,,,,,,,,,,,,,Ramaciotti,,,,,2.0,meth_2.1,,,,,,,0.0,,,,102.100.100/138524,,,,,5.5,meth_2.1,,,,,,16S,,,,,1.5,meth_2.1,,,,,BPAOPS-1159,,,,,,,,,,,,,,,,,,0.09,meth_2.1,,,,,,,,,,,,,,https://data.bioplatforms.com//organization/australian-microbiome?q=sample_id:102.100.100/138524,2022-03-15,23:40:00,,,,,,,,,100.0,,Woodland,,,,,,,,,,,,,,,,,,
75a9f0a5-fc60-4af6-b455-32e2011d969b,Australian Microbiome Amplicons 16S 102.100.100/138525 K39YG,"Low Head, 16S MiSeq",bpa-amdb-genomics-amplicon-16s-138525-k39yg_agtagagg-acgcgtga,,"{""coordinates"": [147.00798, -41.0368], ""type"": ""Point""}",CC-BY-4.0-AU,organization_member_after_embargo:date_of_transfer_to_archive:90:am-consortium-members,,2022-02-01,date,illumina-amplicons,doi:10.25953/ep2x-jh13,,,,,,,,,,,,Soil,,,1.0,meth_2.1,16S,MiSeq Reporter,2.6.2.3,MiSeq,,,,,,,,,,,,,https://downloads-qcif.bioplatforms.com/bpa/amd/amplicons-miseq/16s/BPAOPS-1159/,,,,,,,102.100.100/401950,Australian Microbiome Initiative (AM),AM_DNP,Free-living,,,0.17,meth_2.1,,,,,,,,,,,,BPAOPS-1159,,,,,,,,,,,,,,,,,,,,,,,,2.89,meth_2.1,88.32,meth_2.1,,,,2022-03-15T23:40:00,,GR,meth_2.1,138525_16S_K39YG_AGTAGAGG-ACGCGTGA,0.015,,,meth_2.1,,,,,,,,16S,https://github.com/AusMicrobiome/contextualdb_doc/raw/4.0.0/db_schema_definitions/db_schema_definitions.xlsx,102.100.100/401950,2021-11-03,2021-11-03,,,,,0.2,0.3,0.2,MiSeq data package,,,,,,,Neat,,,,,,0.15,meth_2.1,13.9,meth_2.1,0.16,meth_2.1,0.23,meth_2.1,,,,,,,,,,,,,,1 Conservation and Natural Environments,1.1.4 Natural feature protection,Soil [ENVO_00001998],,,,,0.08,meth_2.1,0.34,meth_2.1,0.2,meth_2.1,0.03,meth_2.1,0.05,meth_2.1,,,8.79,meth_2.1,,,,,,K39YG,,,20211103_AM_16S_UNSW_K39YG,,,,,,,,,,,,,Coastal (coastal terrestrial including cliff; rocky shore),Australia:Tasmania,,,,,0,meth_2.1,,,,,,,,,,,,,,,,,,,,,,,,,,,,,,,,,,,,,,,,,,,,,,AGTAGAGG-ACGCGTGA,,,,,,,,,,-41.0368 147.00798,-41.0368,,,,,,,,,,,,,147.00798,,,,,,,,,,,,,,,,,,,,,,,,,,,,,,,,,,,1e-10,meth_2.1,,,,,,,,,meth_3.1.1,Genomics,,,0.43,meth_2.1,,,,,,,,,,,,,,,,,,,P,,,,3.6,meth_2.1,4.9,meth_2.1,,,,,1e-10,meth_2.1,,,,,,,,,,,,,,,1e-10,meth_2.1,,,,,,,,,,,,,,,67182.0,,,,,,,,,,,,,,,,meth_1.1,,,,,AM_db_v4.0_202303211058.db,102.100.100/138525,,2022-08-04 11:42:29,LOW_HEAD_metadata_xlsxUTC_convert_xlsx,LOW_HEAD_CSBP_210507_PREPAID_001_AM_SOIL_format_UPDATE_xlsx; soil_depths_LowHead_UPDATE_xlsx; AM_curate_geo_loc_name_UPDATE_xlsx; AM_add_meth_for_ALL_DB_UPDATE_xlsx;,Low Head,Bissett,Soil,,97.11,meth_2.1,,,,,,,,,,,,,,,,,,,,,,,Ramaciotti,,,,,1e-10,meth_2.1,,,,,,,0.0,,,,102.100.100/138525,,,,,1.2,meth_2.1,,,,,,16S,,,,,1.0,meth_2.1,,,,,BPAOPS-1159,,,,,,,,,,,,,,,,,,0.02,meth_2.1,,,,,,,,,,,,,,https://data.bioplatforms.com//organization/australian-microbiome?q=sample_id:102.100.100/138525,2022-03-15,23:40:00,,,,,,,,,100.0,,Woodland,,,,,,,,,,,,,,,,,,
75a9f0a5-fc60-4af6-b455-32e2011d969b,Australian Microbiome Amplicons 16S 102.100.100/138526 K39YG,"Low Head, 16S MiSeq",bpa-amdb-genomics-amplicon-16s-138526-k39yg_agtagagg-cgatctac,,"{""coordinates"": [147.061171, -40.999369], ""type"": ""Point""}",CC-BY-4.0-AU,organization_member_after_embargo:date_of_transfer_to_archive:90:am-consortium-members,,2022-02-01,date,illumina-amplicons,doi:10.25953/ep2x-jh13,,,,,,,,,,,,Soil,,,1.0,meth_2.1,16S,MiSeq Reporter,2.6.2.3,MiSeq,,,,,,,,,,,,,https://downloads-qcif.bioplatforms.com/bpa/amd/amplicons-miseq/16s/BPAOPS-1159/,,,,,,,102.100.100/401950,Australian Microbiome Initiative (AM),AM_DNP,Free-living,,,0.23,meth_2.1,,,,,,,,,,,,BPAOPS-1159,,,,,,,,,,,,,,,,,,,,,,,,2.92,meth_2.1,79.23,meth_2.1,,,,2022-03-16T00:30:00,,GRWH,meth_2.1,138526_16S_K39YG_AGTAGAGG-CGATCTAC,0.021,,,meth_2.1,,,,,,,,16S,https://github.com/AusMicrobiome/contextualdb_doc/raw/4.0.0/db_schema_definitions/db_schema_definitions.xlsx,102.100.100/401950,2021-11-03,2021-11-03,,,,,0.0,0.1,0.0,MiSeq data package,,,,,,,Neat,,,,,,0.16,meth_2.1,15.0,meth_2.1,2.68,meth_2.1,0.4,meth_2.1,,,,,,,,,,,,,,1 Conservation and Natural Environments,1.1.4 Natural feature protection,Soil [ENVO_00001998],,,,,0.07,meth_2.1,0.74,meth_2.1,0.29,meth_2.1,0.07,meth_2.1,0.05,meth_2.1,,,16.86,meth_2.1,,,pre-2001,,,K39YG,,,20211103_AM_16S_UNSW_K39YG,,,,,,,,,,,,,Coastal (coastal terrestrial including cliff; rocky shore),Australia:Tasmania,,,,,0,meth_2.1,,,,,,,,,,,,,,,,,,,,,,,,,,,,,,,,,,,,,,,,,,,,,,AGTAGAGG-CGATCTAC,,,,,,,,,,-40.999369 147.061171,-40.999369,,,,,,,,,,,,,147.061171,,,,,,,,,,,,,,,,,,,,,,,,,,,,,,,,,,,1e-10,meth_2.1,,,,,,,,,meth_3.1.1,Genomics,,,0.83,meth_2.1,,,,,,,,,,,,,,,,,,,P,,,,4.1,meth_2.1,5.8,meth_2.1,,,,,1e-10,meth_2.1,,,,,,,,,,,,,,,31.0,meth_2.1,,,,,,,,,,,,,,,89358.0,,,,,,,,,,,,,,,,meth_1.1,,,,,AM_db_v4.0_202303211058.db,102.100.100/138526,,2022-08-04 11:42:29,LOW_HEAD_metadata_xlsxUTC_convert_xlsx,LOW_HEAD_CSBP_210507_PREPAID_001_AM_SOIL_format_UPDATE_xlsx; soil_depths_LowHead_UPDATE_xlsx; AM_curate_geo_loc_name_UPDATE_xlsx; AM_add_meth_for_ALL_DB_UPDATE_xlsx;,Low Head,Bissett,Soil,,96.09,meth_2.1,,,,,,,,,,,,,,,,,,,,,,,Ramaciotti,,,,,0.99,meth_2.1,,,,,,,0.0,,,,102.100.100/138526,,,,,1.4,meth_2.1,,,,,,16S,,,,,1.5,meth_2.1,,,,,BPAOPS-1159,,,,,,,,,,,,,,,,,,0.04,meth_2.1,,,,,,,,,,,,,,https://data.bioplatforms.com//organization/australian-microbiome?q=sample_id:102.100.100/138526,2022-03-16,00:30:00,,,,,,,,,100.0,,Shrubland,,,,,,,,,,,,,,,,,,
75a9f0a5-fc60-4af6-b455-32e2011d969b,Australian Microbiome Amplicons 16S 102.100.100/138527 K39YG,"Low Head, 16S MiSeq",bpa-amdb-genomics-amplicon-16s-138527-k39yg_agtagagg-acgacgtg,,"{""coordinates"": [147.061171, -40.999369], ""type"": ""Point""}",CC-BY-4.0-AU,organization_member_after_embargo:date_of_transfer_to_archive:90:am-consortium-members,,2022-02-01,date,illumina-amplicons,doi:10.25953/ep2x-jh13,,,,,,,,,,,,Soil,,,1e-10,meth_2.1,16S,MiSeq Reporter,2.6.2.3,MiSeq,,,,,,,,,,,,,https://downloads-qcif.bioplatforms.com/bpa/amd/amplicons-miseq/16s/BPAOPS-1159/,,,,,,,102.100.100/401950,Australian Microbiome Initiative (AM),AM_DNP,Free-living,,,0.26,meth_2.1,,,,,,,,,,,,BPAOPS-1159,,,,,,,,,,,,,,,,,,,,,,,,1.94,meth_2.1,84.62,meth_2.1,,,,2022-03-16T00:30:00,,WH,meth_2.1,138527_16S_K39YG_AGTAGAGG-ACGACGTG,0.01,,,meth_2.1,,,,,,,,16S,https://github.com/AusMicrobiome/contextualdb_doc/raw/4.0.0/db_schema_definitions/db_schema_definitions.xlsx,102.100.100/401950,2021-11-03,2021-11-03,,,,,0.2,0.3,0.2,MiSeq data package,,,,,,,Neat,,,,,,0.18,meth_2.1,4.5,meth_2.1,0.25,meth_2.1,0.21,meth_2.1,,,,,,,,,,,,,,1 Conservation and Natural Environments,1.1.4 Natural feature protection,Soil [ENVO_00001998],,,,,0.06,meth_2.1,0.07,meth_2.1,0.06,meth_2.1,0.02,meth_2.1,0.02,meth_2.1,,,11.46,meth_2.1,,,pre-2001,,,K39YG,,,20211103_AM_16S_UNSW_K39YG,,,,,,,,,,,,,Coastal (coastal terrestrial including cliff; rocky shore),Australia:Tasmania,,,,,0,meth_2.1,,,,,,,,,,,,,,,,,,,,,,,,,,,,,,,,,,,,,,,,,,,,,,AGTAGAGG-ACGACGTG,,,,,,,,,,-40.999369 147.061171,-40.999369,,,,,,,,,,,,,147.061171,,,,,,,,,,,,,,,,,,,,,,,,,,,,,,,,,,,1e-10,meth_2.1,,,,,,,,,meth_3.1.1,Genomics,,,0.21,meth_2.1,,,,,,,,,,,,,,,,,,,P,,,,4.2,meth_2.1,5.3,meth_2.1,,,,,1e-10,meth_2.1,,,,,,,,,,,,,,,1e-10,meth_2.1,,,,,,,,,,,,,,,77859.0,,,,,,,,,,,,,,,,meth_1.1,,,,,AM_db_v4.0_202303211058.db,102.100.100/138527,,2022-08-04 11:42:29,LOW_HEAD_metadata_xlsxUTC_convert_xlsx,LOW_HEAD_CSBP_210507_PREPAID_001_AM_SOIL_format_UPDATE_xlsx; soil_depths_LowHead_UPDATE_xlsx; AM_curate_geo_loc_name_UPDATE_xlsx; AM_add_meth_for_ALL_DB_UPDATE_xlsx;,Low Head,Bissett,Soil,,96.08,meth_2.1,,,,,,,,,,,,,,,,,,,,,,,Ramaciotti,,,,,1.99,meth_2.1,,,,,,,0.0,,,,102.100.100/138527,,,,,1.0,meth_2.1,,,,,,16S,,,,,1.5,meth_2.1,,,,,BPAOPS-1159,,,,,,,,,,,,,,,,,,1e-10,meth_2.1,,,,,,,,,,,,,,https://data.bioplatforms.com//organization/australian-microbiome?q=sample_id:102.100.100/138527,2022-03-16,00:30:00,,,,,,,,,100.0,,Shrubland,,,,,,,,,,,,,,,,,,
75a9f0a5-fc60-4af6-b455-32e2011d969b,Australian Microbiome Amplicons 16S 102.100.100/138528 K39YG,"Low Head, 16S MiSeq",bpa-amdb-genomics-amplicon-16s-138528-k39yg_agtagagg-gtctagtg,,"{""coordinates"": [147.061407, -40.998746], ""type"": ""Point""}",CC-BY-4.0-AU,organization_member_after_embargo:date_of_transfer_to_archive:90:am-consortium-members,,2022-02-01,date,illumina-amplicons,doi:10.25953/ep2x-jh13,,,,,,,,,,,,Soil,,,2.0,meth_2.1,16S,MiSeq Reporter,2.6.2.3,MiSeq,,,,,,,,,,,,,https://downloads-qcif.bioplatforms.com/bpa/amd/amplicons-miseq/16s/BPAOPS-1159/,,,,,,,102.100.100/401950,Australian Microbiome Initiative (AM),AM_DNP,Free-living,,,0.19,meth_2.1,,,,,,,,,,,,BPAOPS-1159,,,,,,,,,,,,,,,,,,,,,,,,1.95,meth_2.1,78.18,meth_2.1,,,,2022-03-16T01:30:00,,LTGR,meth_2.1,138528_16S_K39YG_AGTAGAGG-GTCTAGTG,0.017,,,meth_2.1,,,,,,,,16S,https://github.com/AusMicrobiome/contextualdb_doc/raw/4.0.0/db_schema_definitions/db_schema_definitions.xlsx,102.100.100/401950,2021-11-03,2021-11-03,,,,,0.0,0.1,0.0,MiSeq data package,,,,,,,Neat,,,,,,0.12,meth_2.1,22.9,meth_2.1,2.7,meth_2.1,0.33,meth_2.1,,,,,,,,,,,,,,1 Conservation and Natural Environments,1.1.4 Natural feature protection,Soil [ENVO_00001998],,,,,0.08,meth_2.1,0.99,meth_2.1,0.38,meth_2.1,0.06,meth_2.1,0.05,meth_2.1,,,15.89,meth_2.1,,,wildfire Nov 2019,,,K39YG,,,20211103_AM_16S_UNSW_K39YG,,,,,,,,,,,,,Coastal (coastal terrestrial including cliff; rocky shore),Australia:Tasmania,,,,,0,meth_2.1,,,,,,,,,,,,,,,,,,,,,,,,,,,,,,,,,,,,,,,,,,,,,,AGTAGAGG-GTCTAGTG,,,,,,,,,,-40.998746 147.061407,-40.998746,,,,,,,,,,,,,147.061407,,,,,,,,,,,,,,,,,,,,,,,,,,,,,,,,,,,1e-10,meth_2.1,,,,,,,,,meth_3.1.1,Genomics,,,1.07,meth_2.1,,,,,,,,,,,,,,,,,,,P,,,,4.2,meth_2.1,5.6,meth_2.1,,,,,1e-10,meth_2.1,,,,,,,,,,,,,,,33.0,meth_2.1,,,,,,,,,,,,,,,88679.0,,,,,,,,,,,,,,,,meth_1.1,,,,,AM_db_v4.0_202303211058.db,102.100.100/138528,,2022-08-04 11:42:29,LOW_HEAD_metadata_xlsxUTC_convert_xlsx,LOW_HEAD_CSBP_210507_PREPAID_001_AM_SOIL_format_UPDATE_xlsx; soil_depths_LowHead_UPDATE_xlsx; AM_curate_geo_loc_name_UPDATE_xlsx; AM_add_meth_for_ALL_DB_UPDATE_xlsx;,Low Head,Bissett,Soil,,94.07,meth_2.1,,,,,,,,,,,,,,,,,,,,,,,Ramaciotti,,,,,3.99,meth_2.1,,,,,,,0.0,,,,102.100.100/138528,,,,,1.5,meth_2.1,,,,,,16S,,,,,1.5,meth_2.1,,,,,BPAOPS-1159,,,,,,,,,,,,,,,,,,0.05,meth_2.1,,,,,,,,,,,,,,https://data.bioplatforms.com//organization/australian-microbiome?q=sample_id:102.100.100/138528,2022-03-16,01:30:00,,,,,,,,,35.0,,Shrubland,,,,,,,,,,,,,,,,,,
75a9f0a5-fc60-4af6-b455-32e2011d969b,Australian Microbiome Amplicons 16S 102.100.100/138529 K39YG,"Low Head, 16S MiSeq",bpa-amdb-genomics-amplicon-16s-138529-k39yg_agtagagg-ctagtatg,,"{""coordinates"": [147.061407, -40.998746], ""type"": ""Point""}",CC-BY-4.0-AU,organization_member_after_embargo:date_of_transfer_to_archive:90:am-consortium-members,,2022-02-01,date,illumina-amplicons,doi:10.25953/ep2x-jh13,,,,,,,,,,,,Soil,,,1e-10,meth_2.1,16S,MiSeq Reporter,2.6.2.3,MiSeq,,,,,,,,,,,,,https://downloads-qcif.bioplatforms.com/bpa/amd/amplicons-miseq/16s/BPAOPS-1159/,,,,,,,102.100.100/401950,Australian Microbiome Initiative (AM),AM_DNP,Free-living,,,0.1,meth_2.1,,,,,,,,,,,,BPAOPS-1159,,,,,,,,,,,,,,,,,,,,,,,,1.88,meth_2.1,76.68,meth_2.1,,,,2022-03-16T01:30:00,,WH,meth_2.1,138529_16S_K39YG_AGTAGAGG-CTAGTATG,0.011,,,meth_2.1,,,,,,,,16S,https://github.com/AusMicrobiome/contextualdb_doc/raw/4.0.0/db_schema_definitions/db_schema_definitions.xlsx,102.100.100/401950,2021-11-03,2021-11-03,,,,,0.2,0.3,0.2,MiSeq data package,,,,,,,Neat,,,,,,0.13,meth_2.1,7.9,meth_2.1,0.2,meth_2.1,0.1,meth_2.1,,,,,,,,,,,,,,1 Conservation and Natural Environments,1.1.4 Natural feature protection,Soil [ENVO_00001998],,,,,0.09,meth_2.1,0.1,meth_2.1,0.09,meth_2.1,0.03,meth_2.1,0.03,meth_2.1,,,19.51,meth_2.1,,,wildfire Nov 2019,,,K39YG,,,20211103_AM_16S_UNSW_K39YG,,,,,,,,,,,,,Coastal (coastal terrestrial including cliff; rocky shore),Australia:Tasmania,,,,,0,meth_2.1,,,,,,,,,,,,,,,,,,,,,,,,,,,,,,,,,,,,,,,,,,,,,,AGTAGAGG-CTAGTATG,,,,,,,,,,-40.998746 147.061407,-40.998746,,,,,,,,,,,,,147.061407,,,,,,,,,,,,,,,,,,,,,,,,,,,,,,,,,,,1e-10,meth_2.1,,,,,,,,,meth_3.1.1,Genomics,,,0.26,meth_2.1,,,,,,,,,,,,,,,,,,,P,,,,4.0,meth_2.1,5.1,meth_2.1,,,,,1e-10,meth_2.1,,,,,,,,,,,,,,,1e-10,meth_2.1,,,,,,,,,,,,,,,58399.0,,,,,,,,,,,,,,,,meth_1.1,,,,,AM_db_v4.0_202303211058.db,102.100.100/138529,,2022-08-04 11:42:29,LOW_HEAD_metadata_xlsxUTC_convert_xlsx,LOW_HEAD_CSBP_210507_PREPAID_001_AM_SOIL_format_UPDATE_xlsx; soil_depths_LowHead_UPDATE_xlsx; AM_curate_geo_loc_name_UPDATE_xlsx; AM_add_meth_for_ALL_DB_UPDATE_xlsx;,Low Head,Bissett,Soil,,96.19,meth_2.1,,,,,,,,,,,,,,,,,,,,,,,Ramaciotti,,,,,1.93,meth_2.1,,,,,,,0.0,,,,102.100.100/138529,,,,,1.1,meth_2.1,,,,,,16S,,,,,1.5,meth_2.1,,,,,BPAOPS-1159,,,,,,,,,,,,,,,,,,0.01,meth_2.1,,,,,,,,,,,,,,https://data.bioplatforms.com//organization/australian-microbiome?q=sample_id:102.100.100/138529,2022-03-16,01:30:00,,,,,,,,,35.0,,Shrubland,,,,,,,,,,,,,,,,,,
75a9f0a5-fc60-4af6-b455-32e2011d969b,Australian Microbiome Amplicons 16S 102.100.100/138530 K39YG,"Low Head, 16S MiSeq",bpa-amdb-genomics-amplicon-16s-138530-k39yg_agtagagg-gatagcgt,,"{""coordinates"": [147.063393, -40.991764], ""type"": ""Point""}",CC-BY-4.0-AU,organization_member_after_embargo:date_of_transfer_to_archive:90:am-consortium-members,,2022-02-01,date,illumina-amplicons,doi:10.25953/ep2x-jh13,,,,,,,,,,,,Soil,,,14.0,meth_2.1,16S,MiSeq Reporter,2.6.2.3,MiSeq,,,,,,,,,,,,,https://downloads-qcif.bioplatforms.com/bpa/amd/amplicons-miseq/16s/BPAOPS-1159/,,,,,,,102.100.100/401950,Australian Microbiome Initiative (AM),AM_DNP,Free-living,,,3.04,meth_2.1,,,,,,,,,,,,BPAOPS-1159,,,,,,,,,,,,,,,,,,,,,,,,26.9,meth_2.1,10.96,meth_2.1,,,,2022-03-16T03:45:00,,DKGR,meth_2.1,138530_16S_K39YG_AGTAGAGG-GATAGCGT,0.35,,,meth_2.1,,,,,,,,16S,https://github.com/AusMicrobiome/contextualdb_doc/raw/4.0.0/db_schema_definitions/db_schema_definitions.xlsx,102.100.100/401950,2021-11-03,2021-11-03,,,,,0.0,0.1,0.0,MiSeq data package,,,,,,,Neat,,,,,,0.69,meth_2.1,259.3,meth_2.1,73.65,meth_2.1,0.92,meth_2.1,,,,,,,,,,,,,,1 Conservation and Natural Environments,1.1.4 Natural feature protection,Soil [ENVO_00001998],,,,,0.03,meth_2.1,11.08,meth_2.1,10.87,meth_2.1,0.94,meth_2.1,3.34,meth_2.1,,,31.0,meth_2.1,,,wildfire Nov 2019,,,K39YG,,,20211103_AM_16S_UNSW_K39YG,,,,,,,,,,,,,Coastal (coastal terrestrial including cliff; rocky shore),Australia:Tasmania,,,,,0,meth_2.1,,,,,,,,,,,,,,,,,,,,,,,,,,,,,,,,,,,,,,,,,,,,,,AGTAGAGG-GATAGCGT,,,,,,,,,,-40.991764 147.063393,-40.991764,,,,,,,,,,,,,147.063393,,,,,,,,,,,,,,,,,,,,,,,,,,,,,,,,,,,11.0,meth_2.1,,,,,,,,,meth_3.1.1,Genomics,,,4.52,meth_2.1,,,,,,,,,,,,,,,,,,,P,,,,5.3,meth_2.1,6.2,meth_2.1,,,,,16.0,meth_2.1,,,,,,,,,,,,,,,426.0,meth_2.1,,,,,,,,,,,,,,,81692.0,,,,,,,,,,,,,,,,meth_1.1,,,,,AM_db_v4.0_202303211058.db,102.100.100/138530,,2022-08-04 11:42:29,LOW_HEAD_metadata_xlsxUTC_convert_xlsx,LOW_HEAD_CSBP_210507_PREPAID_001_AM_SOIL_format_UPDATE_xlsx; soil_depths_LowHead_UPDATE_xlsx; AM_curate_geo_loc_name_UPDATE_xlsx; AM_add_meth_for_ALL_DB_UPDATE_xlsx;,Low Head,Bissett,Soil,,41.96,meth_2.1,,,,,,,,,,,,,,,,,,,,,,,Ramaciotti,,,,,31.15,meth_2.1,,,,,,,0.0,,,,102.100.100/138530,,,,,22.8,meth_2.1,,,,,,16S,,,,,1.5,meth_2.1,,,,,BPAOPS-1159,,,,,,,,,,,,,,,,,,0.52,meth_2.1,,,,,,,,,,,,,,https://data.bioplatforms.com//organization/australian-microbiome?q=sample_id:102.100.100/138530,2022-03-16,03:45:00,,,,,,,,,100.0,,Woodland,,,,,,,,,,,,,,,,,,
75a9f0a5-fc60-4af6-b455-32e2011d969b,Australian Microbiome Amplicons 16S 102.100.100/138531 K39YG,"Low Head, 16S MiSeq",bpa-amdb-genomics-amplicon-16s-138531-k39yg_agtagagg-tctacact,,"{""coordinates"": [147.063393, -40.991764], ""type"": ""Point""}",CC-BY-4.0-AU,organization_member_after_embargo:date_of_transfer_to_archive:90:am-consortium-members,,2022-02-01,date,illumina-amplicons,doi:10.25953/ep2x-jh13,,,,,,,,,,,,Soil,,,6.0,meth_2.1,16S,MiSeq Reporter,2.6.2.3,MiSeq,,,,,,,,,,,,,https://downloads-qcif.bioplatforms.com/bpa/amd/amplicons-miseq/16s/BPAOPS-1159/,,,,,,,102.100.100/401950,Australian Microbiome Initiative (AM),AM_DNP,Free-living,,,1.79,meth_2.1,,,,,,,,,,,,BPAOPS-1159,,,,,,,,,,,,,,,,,,,,,,,,44.43,meth_2.1,14.16,meth_2.1,,,,2022-03-16T03:45:00,,YWBR,meth_2.1,138531_16S_K39YG_AGTAGAGG-TCTACACT,0.279,,,meth_2.1,,,,,,,,16S,https://github.com/AusMicrobiome/contextualdb_doc/raw/4.0.0/db_schema_definitions/db_schema_definitions.xlsx,102.100.100/401950,2021-11-03,2021-11-03,,,,,0.2,0.3,0.2,MiSeq data package,,,,,,,Neat,,,,,,0.78,meth_2.1,205.7,meth_2.1,3.7,meth_2.1,0.21,meth_2.1,,,,,,,,,,,,,,1 Conservation and Natural Environments,1.1.4 Natural feature protection,Soil [ENVO_00001998],,,,,0.08,meth_2.1,3.88,meth_2.1,10.29,meth_2.1,0.49,meth_2.1,2.85,meth_2.1,,,26.58,meth_2.1,,,wildfire Nov 2019,,,K39YG,,,20211103_AM_16S_UNSW_K39YG,,,,,,,,,,,,,Coastal (coastal terrestrial including cliff; rocky shore),Australia:Tasmania,,,,,0,meth_2.1,,,,,,,,,,,,,,,,,,,,,,,,,,,,,,,,,,,,,,,,,,,,,,AGTAGAGG-TCTACACT,,,,,,,,,,-40.991764 147.063393,-40.991764,,,,,,,,,,,,,147.063393,,,,,,,,,,,,,,,,,,,,,,,,,,,,,,,,,,,1e-10,meth_2.1,,,,,,,,,meth_3.1.1,Genomics,,,1.23,meth_2.1,,,,,,,,,,,,,,,,,,,P,,,,4.9,meth_2.1,6.1,meth_2.1,,,,,2.0,meth_2.1,,,,,,,,,,,,,,,201.0,meth_2.1,,,,,,,,,,,,,,,71884.0,,,,,,,,,,,,,,,,meth_1.1,,,,,AM_db_v4.0_202303211058.db,102.100.100/138531,,2022-08-04 11:42:29,LOW_HEAD_metadata_xlsxUTC_convert_xlsx,LOW_HEAD_CSBP_210507_PREPAID_001_AM_SOIL_format_UPDATE_xlsx; soil_depths_LowHead_UPDATE_xlsx; AM_curate_geo_loc_name_UPDATE_xlsx; AM_add_meth_for_ALL_DB_UPDATE_xlsx;,Low Head,Bissett,Soil,,40.74,meth_2.1,,,,,,,,,,,,,,,,,,,,,,,Ramaciotti,,,,,14.83,meth_2.1,,,,,,,0.0,,,,102.100.100/138531,,,,,18.9,meth_2.1,,,,,,16S,,,,,2.5,meth_2.1,,,,,BPAOPS-1159,,,,,,,,,,,,,,,,,,0.09,meth_2.1,,,,,,,,,,,,,,https://data.bioplatforms.com//organization/australian-microbiome?q=sample_id:102.100.100/138531,2022-03-16,03:45:00,,,,,,,,,100.0,,Woodland,,,,,,,,,,,,,,,,,,
75a9f0a5-fc60-4af6-b455-32e2011d969b,Australian Microbiome Amplicons 16S 102.100.100/138532 K39YG,"Low Head, 16S MiSeq",bpa-amdb-genomics-amplicon-16s-138532-k39yg_cgcagcgg-aagcagca,,"{""coordinates"": [147.00794, -41.036665], ""type"": ""Point""}",CC-BY-4.0-AU,organization_member_after_embargo:date_of_transfer_to_archive:90:am-consortium-members,,2022-02-01,date,illumina-amplicons,doi:10.25953/ep2x-jh13,,,,,,,,,,,,Soil,,,2.0,meth_2.1,16S,MiSeq Reporter,2.6.2.3,MiSeq,,,,,,,,,,,,,https://downloads-qcif.bioplatforms.com/bpa/amd/amplicons-miseq/16s/BPAOPS-1159/,,,,,,,102.100.100/401950,Australian Microbiome Initiative (AM),AM_DNP,Free-living,,,0.28,meth_2.1,,,,,,,,,,,,BPAOPS-1159,,,,,,,,,,,,,,,,,,,,,,,,5.89,meth_2.1,78.87,meth_2.1,,,,2022-03-16T05:10:00,,LTGR,meth_2.1,138532_16S_K39YG_CGCAGCGG-AAGCAGCA,0.04,,,meth_2.1,,,,,,,,16S,https://github.com/AusMicrobiome/contextualdb_doc/raw/4.0.0/db_schema_definitions/db_schema_definitions.xlsx,102.100.100/401950,2021-11-03,2021-11-03,,,,,0.0,0.1,0.0,MiSeq data package,,,,,,,Neat,,,,,,0.18,meth_2.1,37.5,meth_2.1,14.98,meth_2.1,0.31,meth_2.1,,,,,,,,,,,,,,1 Conservation and Natural Environments,1.1.4 Natural feature protection,Soil [ENVO_00001998],,,,,0.14,meth_2.1,1.8,meth_2.1,0.75,meth_2.1,0.11,meth_2.1,0.13,meth_2.1,,,13.24,meth_2.1,,,,,,K39YG,,,20211103_AM_16S_UNSW_K39YG,,,,,,,,,,,,,Coastal (coastal terrestrial including cliff; rocky shore),Australia:Tasmania,,,,,0,meth_2.1,,,,,,,,,,,,,,,,,,,,,,,,,,,,,,,,,,,,,,,,,,,,,,CGCAGCGG-AAGCAGCA,,,,,,,,,,-41.036665 147.00794,-41.036665,,,,,,,,,,,,,147.00794,,,,,,,,,,,,,,,,,,,,,,,,,,,,,,,,,,,1e-10,meth_2.1,,,,,,,,,meth_3.1.1,Genomics,,,1.78,meth_2.1,,,,,,,,,,,,,,,,,,,P,,,,3.8,meth_2.1,5.1,meth_2.1,,,,,3.0,meth_2.1,,,,,,,,,,,,,,,37.0,meth_2.1,,,,,,,,,,,,,,,74772.0,,,,,,,,,,,,,,,,meth_1.1,,,,,AM_db_v4.0_202303211058.db,102.100.100/138532,,2022-08-04 11:42:29,LOW_HEAD_metadata_xlsxUTC_convert_xlsx,LOW_HEAD_CSBP_210507_PREPAID_001_AM_SOIL_format_UPDATE_xlsx; soil_depths_LowHead_UPDATE_xlsx; AM_curate_geo_loc_name_UPDATE_xlsx; AM_add_meth_for_ALL_DB_UPDATE_xlsx;,Low Head,Bissett,Soil,,92.11,meth_2.1,,,,,,,,,,,,,,,,,,,,,,,Ramaciotti,,,,,2.0,meth_2.1,,,,,,,0.0,,,,102.100.100/138532,,,,,2.7,meth_2.1,,,,,,16S,,,,,1.5,meth_2.1,,,,,BPAOPS-1159,,,,,,,,,,,,,,,,,,0.07,meth_2.1,,,,,,,,,,,,,,https://data.bioplatforms.com//organization/australian-microbiome?q=sample_id:102.100.100/138532,2022-03-16,05:10:00,,,,,,,,,100.0,,Woodland,,,,,,,,,,,,,,,,,,
75a9f0a5-fc60-4af6-b455-32e2011d969b,Australian Microbiome Amplicons 16S 102.100.100/138533 K39YG,"Low Head, 16S MiSeq",bpa-amdb-genomics-amplicon-16s-138533-k39yg_cgcagcgg-acgcgtga,,"{""coordinates"": [147.00794, -41.036665], ""type"": ""Point""}",CC-BY-4.0-AU,organization_member_after_embargo:date_of_transfer_to_archive:90:am-consortium-members,,2022-02-01,date,illumina-amplicons,doi:10.25953/ep2x-jh13,,,,,,,,,,,,Soil,,,1.0,meth_2.1,16S,MiSeq Reporter,2.6.2.3,MiSeq,,,,,,,,,,,,,https://downloads-qcif.bioplatforms.com/bpa/amd/amplicons-miseq/16s/BPAOPS-1159/,,,,,,,102.100.100/401950,Australian Microbiome Initiative (AM),AM_DNP,Free-living,,,0.25,meth_2.1,,,,,,,,,,,,BPAOPS-1159,,,,,,,,,,,,,,,,,,,,,,,,1.9,meth_2.1,86.45,meth_2.1,,,,2022-03-16T05:10:00,,GRWH,meth_2.1,138533_16S_K39YG_CGCAGCGG-ACGCGTGA,0.02,,,meth_2.1,,,,,,,,16S,https://github.com/AusMicrobiome/contextualdb_doc/raw/4.0.0/db_schema_definitions/db_schema_definitions.xlsx,102.100.100/401950,2021-11-03,2021-11-03,,,,,0.2,0.3,0.2,MiSeq data package,,,,,,,Neat,,,,,,0.15,meth_2.1,18.3,meth_2.1,0.18,meth_2.1,0.19,meth_2.1,,,,,,,,,,,,,,1 Conservation and Natural Environments,1.1.4 Natural feature protection,Soil [ENVO_00001998],,,,,0.08,meth_2.1,0.37,meth_2.1,0.24,meth_2.1,0.03,meth_2.1,0.07,meth_2.1,,,9.69,meth_2.1,,,,,,K39YG,,,20211103_AM_16S_UNSW_K39YG,,,,,,,,,,,,,Coastal (coastal terrestrial including cliff; rocky shore),Australia:Tasmania,,,,,0,meth_2.1,,,,,,,,,,,,,,,,,,,,,,,,,,,,,,,,,,,,,,,,,,,,,,CGCAGCGG-ACGCGTGA,,,,,,,,,,-41.036665 147.00794,-41.036665,,,,,,,,,,,,,147.00794,,,,,,,,,,,,,,,,,,,,,,,,,,,,,,,,,,,1e-10,meth_2.1,,,,,,,,,meth_3.1.1,Genomics,,,0.37,meth_2.1,,,,,,,,,,,,,,,,,,,P,,,,3.6,meth_2.1,5.1,meth_2.1,,,,,1e-10,meth_2.1,,,,,,,,,,,,,,,16.0,meth_2.1,,,,,,,,,,,,,,,30159.0,,,,,,,,,,,,,,,,meth_1.1,,,,,AM_db_v4.0_202303211058.db,102.100.100/138533,,2022-08-04 11:42:29,LOW_HEAD_metadata_xlsxUTC_convert_xlsx,LOW_HEAD_CSBP_210507_PREPAID_001_AM_SOIL_format_UPDATE_xlsx; soil_depths_LowHead_UPDATE_xlsx; AM_curate_geo_loc_name_UPDATE_xlsx; AM_add_meth_for_ALL_DB_UPDATE_xlsx;,Low Head,Bissett,Soil,,96.14,meth_2.1,,,,,,,,,,,,,,,,,,,,,,,Ramaciotti,,,,,1.95,meth_2.1,,,,,,,0.0,,,,102.100.100/138533,,,,,0.9,meth_2.1,,,,,,16S,,,,,1.0,meth_2.1,,,,,BPAOPS-1159,,,,,,,,,,,,,,,,,,0.02,meth_2.1,,,,,,,,,,,,,,https://data.bioplatforms.com//organization/australian-microbiome?q=sample_id:102.100.100/138533,2022-03-16,05:10:00,,,,,,,,,100.0,,Woodland,,,,,,,,,,,,,,,,,,
75a9f0a5-fc60-4af6-b455-32e2011d969b,Australian Microbiome Amplicons 16S 102.100.100/138534 K39YG,"Low Head, 16S MiSeq",bpa-amdb-genomics-amplicon-16s-138534-k39yg_cgcagcgg-cgatctac,,"{""coordinates"": [147.014179, -40.983108], ""type"": ""Point""}",CC-BY-4.0-AU,organization_member_after_embargo:date_of_transfer_to_archive:90:am-consortium-members,,2022-02-01,date,illumina-amplicons,doi:10.25953/ep2x-jh13,,,,,,,,,,,,Soil,,,8.0,meth_2.1,16S,MiSeq Reporter,2.6.2.3,MiSeq,,,,,,,,,,,,,https://downloads-qcif.bioplatforms.com/bpa/amd/amplicons-miseq/16s/BPAOPS-1159/,,,,,,,102.100.100/401950,Australian Microbiome Initiative (AM),AM_DNP,Free-living,,,2.03,meth_2.1,,,,,,,,,,,,BPAOPS-1159,,,,,,,,,,,,,,,,,,,,,,,,10.59,meth_2.1,49.68,meth_2.1,,,,2022-03-17T00:30:00,,BRGR,meth_2.1,138534_16S_K39YG_CGCAGCGG-CGATCTAC,0.168,,,meth_2.1,,,,,,,,16S,https://github.com/AusMicrobiome/contextualdb_doc/raw/4.0.0/db_schema_definitions/db_schema_definitions.xlsx,102.100.100/401950,2021-11-03,2021-11-03,,,,,0.0,0.1,0.0,MiSeq data package,,,,,,,Neat,,,,,,0.45,meth_2.1,98.5,meth_2.1,15.79,meth_2.1,0.53,meth_2.1,,,,,,,,,,,,,,1 Conservation and Natural Environments,1.1.4 Natural feature protection,Soil [ENVO_00001998],,,,,0.04,meth_2.1,6.18,meth_2.1,4.42,meth_2.1,0.29,meth_2.1,1.18,meth_2.1,,,31.18,meth_2.1,,,,,,K39YG,,,20211103_AM_16S_UNSW_K39YG,,,,,,,,,,,,,Coastal (coastal terrestrial including cliff; rocky shore),Australia:Tasmania,,,,,0,meth_2.1,,,,,,,,,,,,,,,,,,,,,,,,,,,,,,,,,,,,,,,,,,,,,,CGCAGCGG-CGATCTAC,,,,,,,,,,-40.983108 147.014179,-40.983108,,,,,,,,,,,,,147.014179,,,,,,,,,,,,,,,,,,,,,,,,,,,,,,,,,,,4.0,meth_2.1,,,,,,,,,meth_3.1.1,Genomics,,,2.69,meth_2.1,,,,,,,,,,,,,,,,,,,P,,,,4.9,meth_2.1,6.0,meth_2.1,,,,,5.0,meth_2.1,,,,,,,,,,,,,,,157.0,meth_2.1,,,,,,,,,,,,,,,52514.0,,,,,,,,,,,,,,,,meth_1.1,,,,,AM_db_v4.0_202303211058.db,102.100.100/138534,,2022-08-04 11:42:29,LOW_HEAD_metadata_xlsxUTC_convert_xlsx,LOW_HEAD_CSBP_210507_PREPAID_001_AM_SOIL_format_UPDATE_xlsx; soil_depths_LowHead_UPDATE_xlsx; AM_curate_geo_loc_name_UPDATE_xlsx; AM_add_meth_for_ALL_DB_UPDATE_xlsx;,Low Head,Bissett,Soil,,80.86,meth_2.1,,,,,,,,,,,,,,,,,,,,,,,Ramaciotti,,,,,8.56,meth_2.1,,,,,,,20.0,,,,102.100.100/138534,,,,,14.2,meth_2.1,,,,,,16S,,,,,1.5,meth_2.1,,,,,BPAOPS-1159,,,,,,,,,,,,,,,,,,0.33,meth_2.1,,,,,,,,,,,,,,https://data.bioplatforms.com//organization/australian-microbiome?q=sample_id:102.100.100/138534,2022-03-17,00:30:00,,,,,,,,,100.0,,Shrubland,,,,,,,,,,,,,,,,,,
75a9f0a5-fc60-4af6-b455-32e2011d969b,Australian Microbiome Amplicons 16S 102.100.100/138535 K39YG,"Low Head, 16S MiSeq",bpa-amdb-genomics-amplicon-16s-138535-k39yg_cgcagcgg-acgacgtg,,"{""coordinates"": [147.014179, -40.983108], ""type"": ""Point""}",CC-BY-4.0-AU,organization_member_after_embargo:date_of_transfer_to_archive:90:am-consortium-members,,2022-02-01,date,illumina-amplicons,doi:10.25953/ep2x-jh13,,,,,,,,,,,,Soil,,,3.0,meth_2.1,16S,MiSeq Reporter,2.6.2.3,MiSeq,,,,,,,,,,,,,https://downloads-qcif.bioplatforms.com/bpa/amd/amplicons-miseq/16s/BPAOPS-1159/,,,,,,,102.100.100/401950,Australian Microbiome Initiative (AM),AM_DNP,Free-living,,,1.73,meth_2.1,,,,,,,,,,,,BPAOPS-1159,,,,,,,,,,,,,,,,,,,,,,,,7.94,meth_2.1,63.62,meth_2.1,,,,2022-03-17T00:30:00,,BR,meth_2.1,138535_16S_K39YG_CGCAGCGG-ACGACGTG,0.134,,,meth_2.1,,,,,,,,16S,https://github.com/AusMicrobiome/contextualdb_doc/raw/4.0.0/db_schema_definitions/db_schema_definitions.xlsx,102.100.100/401950,2021-11-03,2021-11-03,,,,,0.2,0.3,0.2,MiSeq data package,,,,,,,Neat,,,,,,0.24,meth_2.1,54.7,meth_2.1,4.03,meth_2.1,0.11,meth_2.1,,,,,,,,,,,,,,1 Conservation and Natural Environments,1.1.4 Natural feature protection,Soil [ENVO_00001998],,,,,0.03,meth_2.1,2.54,meth_2.1,2.19,meth_2.1,0.21,meth_2.1,0.88,meth_2.1,,,26.43,meth_2.1,,,,,,K39YG,,,20211103_AM_16S_UNSW_K39YG,,,,,,,,,,,,,Coastal (coastal terrestrial including cliff; rocky shore),Australia:Tasmania,,,,,0,meth_2.1,,,,,,,,,,,,,,,,,,,,,,,,,,,,,,,,,,,,,,,,,,,,,,CGCAGCGG-ACGACGTG,,,,,,,,,,-40.983108 147.014179,-40.983108,,,,,,,,,,,,,147.014179,,,,,,,,,,,,,,,,,,,,,,,,,,,,,,,,,,,1e-10,meth_2.1,,,,,,,,,meth_3.1.1,Genomics,,,1.15,meth_2.1,,,,,,,,,,,,,,,,,,,P,,,,5.2,meth_2.1,6.6,meth_2.1,,,,,3.0,meth_2.1,,,,,,,,,,,,,,,127.0,meth_2.1,,,,,,,,,,,,,,,39958.0,,,,,,,,,,,,,,,,meth_1.1,,,,,AM_db_v4.0_202303211058.db,102.100.100/138535,,2022-08-04 11:42:29,LOW_HEAD_metadata_xlsxUTC_convert_xlsx,LOW_HEAD_CSBP_210507_PREPAID_001_AM_SOIL_format_UPDATE_xlsx; soil_depths_LowHead_UPDATE_xlsx; AM_curate_geo_loc_name_UPDATE_xlsx; AM_add_meth_for_ALL_DB_UPDATE_xlsx;,Low Head,Bissett,Soil,,90.05,meth_2.1,,,,,,,,,,,,,,,,,,,,,,,Ramaciotti,,,,,2.01,meth_2.1,,,,,,,20.0,,,,102.100.100/138535,,,,,6.2,meth_2.1,,,,,,16S,,,,,2.0,meth_2.1,,,,,BPAOPS-1159,,,,,,,,,,,,,,,,,,0.12,meth_2.1,,,,,,,,,,,,,,https://data.bioplatforms.com//organization/australian-microbiome?q=sample_id:102.100.100/138535,2022-03-17,00:30:00,,,,,,,,,100.0,,Shrubland,,,,,,,,,,,,,,,,,,
75a9f0a5-fc60-4af6-b455-32e2011d969b,Australian Microbiome Amplicons 16S 102.100.100/138536 K39YG,"Low Head, 16S MiSeq",bpa-amdb-genomics-amplicon-16s-138536-k39yg_cgcagcgg-gtctagtg,,"{""coordinates"": [147.003051, -40.985643], ""type"": ""Point""}",CC-BY-4.0-AU,organization_member_after_embargo:date_of_transfer_to_archive:90:am-consortium-members,,2022-02-01,date,illumina-amplicons,doi:10.25953/ep2x-jh13,,,,,,,,,,,,Soil,,,1e-10,meth_2.1,16S,MiSeq Reporter,2.6.2.3,MiSeq,,,,,,,,,,,,,https://downloads-qcif.bioplatforms.com/bpa/amd/amplicons-miseq/16s/BPAOPS-1159/,,,,,,,102.100.100/401950,Australian Microbiome Initiative (AM),AM_DNP,Free-living,,,1.73,meth_2.1,,,,,,,,,,,,BPAOPS-1159,,,,,,,,,,,,,,,,,,,,,,,,0.91,meth_2.1,92.02,meth_2.1,,,,2022-03-17T01:30:00,,YWGR,meth_2.1,138536_16S_K39YG_CGCAGCGG-GTCTAGTG,2.669,,,meth_2.1,,,,,,,,16S,https://github.com/AusMicrobiome/contextualdb_doc/raw/4.0.0/db_schema_definitions/db_schema_definitions.xlsx,102.100.100/401950,2021-11-03,2021-11-03,,,,,0.0,0.1,0.0,MiSeq data package,,,,,,,Neat,,,,,,0.19,meth_2.1,5.4,meth_2.1,0.5,meth_2.1,0.23,meth_2.1,,,,,,,,,,,,,,1 Conservation and Natural Environments,1.1.4 Natural feature protection,Soil [ENVO_00001998],,,,,0.01,meth_2.1,4.71,meth_2.1,2.54,meth_2.1,0.2,meth_2.1,9.15,meth_2.1,,,4.2,meth_2.1,,,,,,K39YG,,,20211103_AM_16S_UNSW_K39YG,,,,,,,,,,,,,Coastal (coastal terrestrial including cliff; rocky shore),Australia:Tasmania,,,,,0,meth_2.1,,,,,,,,,,,,,,,,,,,,,,,,,,,,,,,,,,,,,,,,,,,,,,CGCAGCGG-GTCTAGTG,,,,,,,,,,-40.985643 147.003051,-40.985643,,,,,,,,,,,,,147.003051,,,,,,,,,,,,,,,,,,,,,,,,,,,,,,,,,,,1e-10,meth_2.1,,,,,,,,,meth_3.1.1,Genomics,,,0.13,meth_2.1,,,,,,,,,,,,,,,,,,,P,,,,6.6,meth_2.1,8.1,meth_2.1,,,,,12.0,meth_2.1,,,,,,,,,,,,,,,93.0,meth_2.1,,,,,,,,,,,,,,,54270.0,,,,,,,,,,,,,,,,meth_1.1,,,,,AM_db_v4.0_202303211058.db,102.100.100/138536,,2022-08-04 11:42:29,LOW_HEAD_metadata_xlsxUTC_convert_xlsx,LOW_HEAD_CSBP_210507_PREPAID_001_AM_SOIL_format_UPDATE_xlsx; soil_depths_LowHead_UPDATE_xlsx; AM_curate_geo_loc_name_UPDATE_xlsx; AM_add_meth_for_ALL_DB_UPDATE_xlsx;,Low Head,Bissett,Soil,,96.22,meth_2.1,,,,,,,,,,,,,,,,,,,,,,,Ramaciotti,,,,,2.87,meth_2.1,,,,,,,0.0,,,,102.100.100/138536,,,,,172.9,meth_2.1,,,,,,16S,,,,,1.5,meth_2.1,,,,,BPAOPS-1159,,,,,,,,,,,,,,,,,,0.01,meth_2.1,,,,,,,,,,,,,,https://data.bioplatforms.com//organization/australian-microbiome?q=sample_id:102.100.100/138536,2022-03-17,01:30:00,,,,,,,,,0.0,,Other (Beach),,,,,,,,,,,,,,,,,,
75a9f0a5-fc60-4af6-b455-32e2011d969b,Australian Microbiome Amplicons 16S 102.100.100/138537 K39YG,"Low Head, 16S MiSeq",bpa-amdb-genomics-amplicon-16s-138537-k39yg_cgcagcgg-ctagtatg,,"{""coordinates"": [147.003051, -40.985643], ""type"": ""Point""}",CC-BY-4.0-AU,organization_member_after_embargo:date_of_transfer_to_archive:90:am-consortium-members,,2022-02-01,date,illumina-amplicons,doi:10.25953/ep2x-jh13,,,,,,,,,,,,Soil,,,1e-10,meth_2.1,16S,MiSeq Reporter,2.6.2.3,MiSeq,,,,,,,,,,,,,https://downloads-qcif.bioplatforms.com/bpa/amd/amplicons-miseq/16s/BPAOPS-1159/,,,,,,,102.100.100/401950,Australian Microbiome Initiative (AM),AM_DNP,Free-living,,,1.81,meth_2.1,,,,,,,,,,,,BPAOPS-1159,,,,,,,,,,,,,,,,,,,,,,,,2.8,meth_2.1,91.03,meth_2.1,,,,2022-03-17T01:30:00,,YWGR,meth_2.1,138537_16S_K39YG_CGCAGCGG-CTAGTATG,2.093,,,meth_2.1,,,,,,,,16S,https://github.com/AusMicrobiome/contextualdb_doc/raw/4.0.0/db_schema_definitions/db_schema_definitions.xlsx,102.100.100/401950,2021-11-03,2021-11-03,,,,,0.2,0.3,0.2,MiSeq data package,,,,,,,Neat,,,,,,0.15,meth_2.1,8.2,meth_2.1,0.5,meth_2.1,0.21,meth_2.1,,,,,,,,,,,,,,1 Conservation and Natural Environments,1.1.4 Natural feature protection,Soil [ENVO_00001998],,,,,0.01,meth_2.1,5.05,meth_2.1,2.22,meth_2.1,0.18,meth_2.1,6.9,meth_2.1,,,6.17,meth_2.1,,,,,,K39YG,,,20211103_AM_16S_UNSW_K39YG,,,,,,,,,,,,,Coastal (coastal terrestrial including cliff; rocky shore),Australia:Tasmania,,,,,0,meth_2.1,,,,,,,,,,,,,,,,,,,,,,,,,,,,,,,,,,,,,,,,,,,,,,CGCAGCGG-CTAGTATG,,,,,,,,,,-40.985643 147.003051,-40.985643,,,,,,,,,,,,,147.003051,,,,,,,,,,,,,,,,,,,,,,,,,,,,,,,,,,,1e-10,meth_2.1,,,,,,,,,meth_3.1.1,Genomics,,,0.11,meth_2.1,,,,,,,,,,,,,,,,,,,P,,,,7.3,meth_2.1,8.9,meth_2.1,,,,,21.0,meth_2.1,,,,,,,,,,,,,,,101.0,meth_2.1,,,,,,,,,,,,,,,35708.0,,,,,,,,,,,,,,,,meth_1.1,,,,,AM_db_v4.0_202303211058.db,102.100.100/138537,,2022-08-04 11:42:29,LOW_HEAD_metadata_xlsxUTC_convert_xlsx,LOW_HEAD_CSBP_210507_PREPAID_001_AM_SOIL_format_UPDATE_xlsx; soil_depths_LowHead_UPDATE_xlsx; AM_curate_geo_loc_name_UPDATE_xlsx; AM_add_meth_for_ALL_DB_UPDATE_xlsx;,Low Head,Bissett,Soil,,97.2,meth_2.1,,,,,,,,,,,,,,,,,,,,,,,Ramaciotti,,,,,1e-10,meth_2.1,,,,,,,0.0,,,,102.100.100/138537,,,,,154.6,meth_2.1,,,,,,16S,,,,,1.5,meth_2.1,,,,,BPAOPS-1159,,,,,,,,,,,,,,,,,,0.02,meth_2.1,,,,,,,,,,,,,,https://data.bioplatforms.com//organization/australian-microbiome?q=sample_id:102.100.100/138537,2022-03-17,01:30:00,,,,,,,,,0.0,,Other (Beach),,,,,,,,,,,,,,,,,,
75a9f0a5-fc60-4af6-b455-32e2011d969b,Australian Microbiome Amplicons 16S 102.100.100/138538 K39YG,"Low Head, 16S MiSeq",bpa-amdb-genomics-amplicon-16s-138538-k39yg_cgcagcgg-gatagcgt,,"{""coordinates"": [147.008853, -41.029754], ""type"": ""Point""}",CC-BY-4.0-AU,organization_member_after_embargo:date_of_transfer_to_archive:90:am-consortium-members,,2022-02-01,date,illumina-amplicons,doi:10.25953/ep2x-jh13,,,,,,,,,,,,Soil,,,5.0,meth_2.1,16S,MiSeq Reporter,2.6.2.3,MiSeq,,,,,,,,,,,,,https://downloads-qcif.bioplatforms.com/bpa/amd/amplicons-miseq/16s/BPAOPS-1159/,,,,,,,102.100.100/401950,Australian Microbiome Initiative (AM),AM_DNP,Free-living,,,0.28,meth_2.1,,,,,,,,,,,,BPAOPS-1159,,,,,,,,,,,,,,,,,,,,,,,,1.89,meth_2.1,84.62,meth_2.1,,,,2022-03-17T04:00:00,,LTGR,meth_2.1,138538_16S_K39YG_CGCAGCGG-GATAGCGT,0.022,,,meth_2.1,,,,,,,,16S,https://github.com/AusMicrobiome/contextualdb_doc/raw/4.0.0/db_schema_definitions/db_schema_definitions.xlsx,102.100.100/401950,2021-11-03,2021-11-03,,,,,0.0,0.1,0.0,MiSeq data package,,,,,,,Neat,,,,,,1.11,meth_2.1,31.5,meth_2.1,7.89,meth_2.1,8.49,meth_2.1,,,,,,,,,,,,,,1 Conservation and Natural Environments,1.1.4 Natural feature protection,Soil [ENVO_00001998],,,,,0.04,meth_2.1,2.71,meth_2.1,0.97,meth_2.1,0.06,meth_2.1,0.08,meth_2.1,,,9.53,meth_2.1,,,,,,K39YG,,,20211103_AM_16S_UNSW_K39YG,,,,,,,,,,,,,Coastal (coastal terrestrial including cliff; rocky shore),Australia:Tasmania,,,,,5-10,meth_2.1,,,,,,,,,,,,,,,,,,,,,,,,,,,,,,,,,,,,,,,,,,,,,,CGCAGCGG-GATAGCGT,,,,,,,,,,-41.029754 147.008853,-41.029754,,,,,,,,,,,,,147.008853,,,,,,,,,,,,,,,,,,,,,,,,,,,,,,,,,,,1e-10,meth_2.1,,,,,,,,,meth_3.1.1,Genomics,,,2.17,meth_2.1,,,,,,,,,,,,,,,,,,,P,,,,4.2,meth_2.1,5.6,meth_2.1,,,,,5.0,meth_2.1,,,,,,,,,,,,,,,37.0,meth_2.1,,,,,,,,,,,,,,,37705.0,,,,,,,,,,,,,,,,meth_1.1,,,,,AM_db_v4.0_202303211058.db,102.100.100/138538,,2022-08-04 11:42:29,LOW_HEAD_metadata_xlsxUTC_convert_xlsx,LOW_HEAD_CSBP_210507_PREPAID_001_AM_SOIL_format_UPDATE_xlsx; soil_depths_LowHead_UPDATE_xlsx; AM_curate_geo_loc_name_UPDATE_xlsx; AM_add_meth_for_ALL_DB_UPDATE_xlsx;,Low Head,Bissett,Soil,,94.15,meth_2.1,,,,,,,,,,,,,,,,,,,,,,,Ramaciotti,,,,,3.97,meth_2.1,,,,,,,0.0,,,,102.100.100/138538,,,,,3.0,meth_2.1,,,,,,16S,,,,,1.5,meth_2.1,,,,,BPAOPS-1159,,,,,,,,,,,,,,,,,,0.17,meth_2.1,,,,,,,,,,,,,,https://data.bioplatforms.com//organization/australian-microbiome?q=sample_id:102.100.100/138538,2022-03-17,04:00:00,,,,,,,,,100.0,,Grassland,,,,,,,,,,,,,,,,,,
75a9f0a5-fc60-4af6-b455-32e2011d969b,Australian Microbiome Amplicons 16S 102.100.100/138539 K39YG,"Low Head, 16S MiSeq",bpa-amdb-genomics-amplicon-16s-138539-k39yg_cgcagcgg-tctacact,,"{""coordinates"": [147.008853, -41.029754], ""type"": ""Point""}",CC-BY-4.0-AU,organization_member_after_embargo:date_of_transfer_to_archive:90:am-consortium-members,,2022-02-01,date,illumina-amplicons,doi:10.25953/ep2x-jh13,,,,,,,,,,,,Soil,,,2.0,meth_2.1,16S,MiSeq Reporter,2.6.2.3,MiSeq,,,,,,,,,,,,,https://downloads-qcif.bioplatforms.com/bpa/amd/amplicons-miseq/16s/BPAOPS-1159/,,,,,,,102.100.100/401950,Australian Microbiome Initiative (AM),AM_DNP,Free-living,,,0.18,meth_2.1,,,,,,,,,,,,BPAOPS-1159,,,,,,,,,,,,,,,,,,,,,,,,2.85,meth_2.1,90.45,meth_2.1,,,,2022-03-17T04:00:00,,GRWH,meth_2.1,138539_16S_K39YG_CGCAGCGG-TCTACACT,0.013,,,meth_2.1,,,,,,,,16S,https://github.com/AusMicrobiome/contextualdb_doc/raw/4.0.0/db_schema_definitions/db_schema_definitions.xlsx,102.100.100/401950,2021-11-03,2021-11-03,,,,,0.2,0.3,0.2,MiSeq data package,,,,,,,Neat,,,,,,0.17,meth_2.1,20.8,meth_2.1,0.17,meth_2.1,0.18,meth_2.1,,,,,,,,,,,,,,1 Conservation and Natural Environments,1.1.4 Natural feature protection,Soil [ENVO_00001998],,,,,0.07,meth_2.1,0.49,meth_2.1,0.16,meth_2.1,0.02,meth_2.1,0.05,meth_2.1,,,6.7,meth_2.1,,,,,,K39YG,,,20211103_AM_16S_UNSW_K39YG,,,,,,,,,,,,,Coastal (coastal terrestrial including cliff; rocky shore),Australia:Tasmania,,,,,0,meth_2.1,,,,,,,,,,,,,,,,,,,,,,,,,,,,,,,,,,,,,,,,,,,,,,CGCAGCGG-TCTACACT,,,,,,,,,,-41.029754 147.008853,-41.029754,,,,,,,,,,,,,147.008853,,,,,,,,,,,,,,,,,,,,,,,,,,,,,,,,,,,1e-10,meth_2.1,,,,,,,,,meth_3.1.1,Genomics,,,0.38,meth_2.1,,,,,,,,,,,,,,,,,,,P,,,,4.0,meth_2.1,5.7,meth_2.1,,,,,1e-10,meth_2.1,,,,,,,,,,,,,,,1e-10,meth_2.1,,,,,,,,,,,,,,,40211.0,,,,,,,,,,,,,,,,meth_1.1,,,,,AM_db_v4.0_202303211058.db,102.100.100/138539,,2022-08-04 11:42:29,LOW_HEAD_metadata_xlsxUTC_convert_xlsx,LOW_HEAD_CSBP_210507_PREPAID_001_AM_SOIL_format_UPDATE_xlsx; soil_depths_LowHead_UPDATE_xlsx; AM_curate_geo_loc_name_UPDATE_xlsx; AM_add_meth_for_ALL_DB_UPDATE_xlsx;,Low Head,Bissett,Soil,,97.15,meth_2.1,,,,,,,,,,,,,,,,,,,,,,,Ramaciotti,,,,,1e-10,meth_2.1,,,,,,,0.0,,,,102.100.100/138539,,,,,1.2,meth_2.1,,,,,,16S,,,,,1.0,meth_2.1,,,,,BPAOPS-1159,,,,,,,,,,,,,,,,,,0.03,meth_2.1,,,,,,,,,,,,,,https://data.bioplatforms.com//organization/australian-microbiome?q=sample_id:102.100.100/138539,2022-03-17,04:00:00,,,,,,,,,100.0,,Grassland,,,,,,,,,,,,,,,,,,
75a9f0a5-fc60-4af6-b455-32e2011d969b,Australian Microbiome Amplicons 16S 102.100.100/138543 K39YG,"Low Head, 16S MiSeq",bpa-amdb-genomics-amplicon-16s-138543-k39yg_aatgcctc-aagcagca,,"{""coordinates"": [146.992477, -41.03954], ""type"": ""Point""}",CC-BY-4.0-AU,organization_member_after_embargo:date_of_transfer_to_archive:90:am-consortium-members,,2022-02-01,date,illumina-amplicons,doi:10.25953/ep2x-jh13,,,,,,,,,,,,Soil,,,3.0,meth_2.1,16S,MiSeq Reporter,2.6.2.3,MiSeq,,,,,,,,,,,,,https://downloads-qcif.bioplatforms.com/bpa/amd/amplicons-miseq/16s/BPAOPS-1159/,,,,,,,102.100.100/401950,Australian Microbiome Initiative (AM),AM_DNP,Free-living,,,0.54,meth_2.1,,,,,,,,,,,,BPAOPS-1159,,,,,,,,,,,,,,,,,,,,,,,,8.1,meth_2.1,60.23,meth_2.1,,,,2022-03-17T05:00:00,,GRBR,meth_2.1,138543_16S_K39YG_AATGCCTC-AAGCAGCA,0.073,,,meth_2.1,,,,,,,,16S,https://github.com/AusMicrobiome/contextualdb_doc/raw/4.0.0/db_schema_definitions/db_schema_definitions.xlsx,102.100.100/401950,2021-11-03,2021-11-03,,,,,0.0,0.1,0.0,MiSeq data package,,,,,,,Neat,,,,,,0.41,meth_2.1,200.2,meth_2.1,3.99,meth_2.1,1.23,meth_2.1,,,,,,,,,,,,,,1 Conservation and Natural Environments,1.1.4 Natural feature protection,Soil [ENVO_00001998],,,,,0.44,meth_2.1,1.77,meth_2.1,0.88,meth_2.1,0.18,meth_2.1,0.25,meth_2.1,,,23.47,meth_2.1,,,,,,K39YG,,,20211103_AM_16S_UNSW_K39YG,,,,,,,,,,,,,Coastal (coastal terrestrial including cliff; rocky shore),Australia:Tasmania,,,,,0,meth_2.1,,,,,,,,,,,,,,,,,,,,,,,,,,,,,,,,,,,,,,,,,,,,,,AATGCCTC-AAGCAGCA,,,,,,,,,,-41.03954 146.992477,-41.03954,,,,,,,,,,,,,146.992477,,,,,,,,,,,,,,,,,,,,,,,,,,,,,,,,,,,1e-10,meth_2.1,,,,,,,,,meth_3.1.1,Genomics,,,2.59,meth_2.1,,,,,,,,,,,,,,,,,,,P,,,,4.1,meth_2.1,5.0,meth_2.1,,,,,8.0,meth_2.1,,,,,,,,,,,,,,,75.0,meth_2.1,,,,,,,,,,,,,,,116509.0,,,,,,,,,,,,,,,,meth_1.1,,,,,AM_db_v4.0_202303211058.db,102.100.100/138543,,2022-08-04 11:42:29,LOW_HEAD_metadata_xlsxUTC_convert_xlsx,LOW_HEAD_CSBP_210507_PREPAID_001_AM_SOIL_format_UPDATE_xlsx; soil_depths_LowHead_UPDATE_xlsx; AM_curate_geo_loc_name_UPDATE_xlsx; AM_add_meth_for_ALL_DB_UPDATE_xlsx;,Low Head,Bissett,Soil,,83.7,meth_2.1,,,,,,,,,,,,,,,,,,,,,,,Ramaciotti,,,,,8.2,meth_2.1,,,,,,,0.0,,,,102.100.100/138543,,,,,5.8,meth_2.1,,,,,,16S,,,,,2.0,meth_2.1,,,,,BPAOPS-1159,,,,,,,,,,,,,,,,,,0.22,meth_2.1,,,,,,,,,,,,,,https://data.bioplatforms.com//organization/australian-microbiome?q=sample_id:102.100.100/138543,2022-03-17,05:00:00,,,,,,,,,100.0,,Grassland,,,,,,,,,,,,,,,,,,
75a9f0a5-fc60-4af6-b455-32e2011d969b,Australian Microbiome Amplicons 16S 102.100.100/138544 K39YG,"Low Head, 16S MiSeq",bpa-amdb-genomics-amplicon-16s-138544-k39yg_aatgcctc-acgcgtga,,"{""coordinates"": [146.992477, -41.03954], ""type"": ""Point""}",CC-BY-4.0-AU,organization_member_after_embargo:date_of_transfer_to_archive:90:am-consortium-members,,2022-02-01,date,illumina-amplicons,doi:10.25953/ep2x-jh13,,,,,,,,,,,,Soil,,,1e-10,meth_2.1,16S,MiSeq Reporter,2.6.2.3,MiSeq,,,,,,,,,,,,,https://downloads-qcif.bioplatforms.com/bpa/amd/amplicons-miseq/16s/BPAOPS-1159/,,,,,,,102.100.100/401950,Australian Microbiome Initiative (AM),AM_DNP,Free-living,,,0.1,meth_2.1,,,,,,,,,,,,BPAOPS-1159,,,,,,,,,,,,,,,,,,,,,,,,5.87,meth_2.1,75.05,meth_2.1,,,,2022-03-17T05:00:00,,GRWH,meth_2.1,138544_16S_K39YG_AATGCCTC-ACGCGTGA,0.019,,,meth_2.1,,,,,,,,16S,https://github.com/AusMicrobiome/contextualdb_doc/raw/4.0.0/db_schema_definitions/db_schema_definitions.xlsx,102.100.100/401950,2021-11-03,2021-11-03,,,,,0.2,0.3,0.2,MiSeq data package,,,,,,,Neat,,,,,,0.19,meth_2.1,24.8,meth_2.1,0.16,meth_2.1,0.13,meth_2.1,,,,,,,,,,,,,,1 Conservation and Natural Environments,1.1.4 Natural feature protection,Soil [ENVO_00001998],,,,,0.07,meth_2.1,0.19,meth_2.1,0.08,meth_2.1,0.02,meth_2.1,0.07,meth_2.1,,,18.09,meth_2.1,,,,,,K39YG,,,20211103_AM_16S_UNSW_K39YG,,,,,,,,,,,,,Coastal (coastal terrestrial including cliff; rocky shore),Australia:Tasmania,,,,,0,meth_2.1,,,,,,,,,,,,,,,,,,,,,,,,,,,,,,,,,,,,,,,,,,,,,,AATGCCTC-ACGCGTGA,,,,,,,,,,-41.03954 146.992477,-41.03954,,,,,,,,,,,,,146.992477,,,,,,,,,,,,,,,,,,,,,,,,,,,,,,,,,,,1e-10,meth_2.1,,,,,,,,,meth_3.1.1,Genomics,,,0.17,meth_2.1,,,,,,,,,,,,,,,,,,,P,,,,4.6,meth_2.1,5.6,meth_2.1,,,,,1e-10,meth_2.1,,,,,,,,,,,,,,,1e-10,meth_2.1,,,,,,,,,,,,,,,102351.0,,,,,,,,,,,,,,,,meth_1.1,,,,,AM_db_v4.0_202303211058.db,102.100.100/138544,,2022-08-04 11:42:29,LOW_HEAD_metadata_xlsxUTC_convert_xlsx,LOW_HEAD_CSBP_210507_PREPAID_001_AM_SOIL_format_UPDATE_xlsx; soil_depths_LowHead_UPDATE_xlsx; AM_curate_geo_loc_name_UPDATE_xlsx; AM_add_meth_for_ALL_DB_UPDATE_xlsx;,Low Head,Bissett,Soil,,93.14,meth_2.1,,,,,,,,,,,,,,,,,,,,,,,Ramaciotti,,,,,0.99,meth_2.1,,,,,,,0.0,,,,102.100.100/138544,,,,,1.1,meth_2.1,,,,,,16S,,,,,1.5,meth_2.1,,,,,BPAOPS-1159,,,,,,,,,,,,,,,,,,0.02,meth_2.1,,,,,,,,,,,,,,https://data.bioplatforms.com//organization/australian-microbiome?q=sample_id:102.100.100/138544,2022-03-17,05:00:00,,,,,,,,,100.0,,Grassland,,,,,,,,,,,,,,,,,,
75a9f0a5-fc60-4af6-b455-32e2011d969b,Australian Microbiome Amplicons 16S 102.100.100/138545 K39YG,"Low Head, 16S MiSeq",bpa-amdb-genomics-amplicon-16s-138545-k39yg_aatgcctc-cgatctac,,"{""coordinates"": [146.99222, -41.040174], ""type"": ""Point""}",CC-BY-4.0-AU,organization_member_after_embargo:date_of_transfer_to_archive:90:am-consortium-members,,2022-02-01,date,illumina-amplicons,doi:10.25953/ep2x-jh13,,,,,,,,,,,,Soil,,,8.0,meth_2.1,16S,MiSeq Reporter,2.6.2.3,MiSeq,,,,,,,,,,,,,https://downloads-qcif.bioplatforms.com/bpa/amd/amplicons-miseq/16s/BPAOPS-1159/,,,,,,,102.100.100/401950,Australian Microbiome Initiative (AM),AM_DNP,Free-living,,,0.88,meth_2.1,,,,,,,,,,,,BPAOPS-1159,,,,,,,,,,,,,,,,,,,,,,,,15.92,meth_2.1,54.05,meth_2.1,,,,2022-03-17T05:40:00,,DKGR,meth_2.1,138545_16S_K39YG_AATGCCTC-CGATCTAC,0.132,,,meth_2.1,,,,,,,,16S,https://github.com/AusMicrobiome/contextualdb_doc/raw/4.0.0/db_schema_definitions/db_schema_definitions.xlsx,102.100.100/401950,2021-11-03,2021-11-03,,,,,0.0,0.1,0.0,MiSeq data package,,,,,,,Neat,,,,,,0.25,meth_2.1,247.0,meth_2.1,9.53,meth_2.1,1.45,meth_2.1,,,,,,,,,,,,,,1 Conservation and Natural Environments,1.1.4 Natural feature protection,Soil [ENVO_00001998],,,,,0.55,meth_2.1,3.45,meth_2.1,3.2,meth_2.1,0.35,meth_2.1,0.63,meth_2.1,,,24.02,meth_2.1,,,,,,K39YG,,,20211103_AM_16S_UNSW_K39YG,,,,,,,,,,,,,Coastal (coastal terrestrial including cliff; rocky shore),Australia:Tasmania,,,,,0,meth_2.1,,,,,,,,,,,,,,,,,,,,,,,,,,,,,,,,,,,,,,,,,,,,,,AATGCCTC-CGATCTAC,,,,,,,,,,-41.040174 146.99222,-41.040174,,,,,,,,,,,,,146.99222,,,,,,,,,,,,,,,,,,,,,,,,,,,,,,,,,,,1e-10,meth_2.1,,,,,,,,,meth_3.1.1,Genomics,,,4.82,meth_2.1,,,,,,,,,,,,,,,,,,,P,,,,3.1,meth_2.1,4.1,meth_2.1,,,,,8.0,meth_2.1,,,,,,,,,,,,,,,147.0,meth_2.1,,,,,,,,,,,,,,,78574.0,,,,,,,,,,,,,,,,meth_1.1,,,,,AM_db_v4.0_202303211058.db,102.100.100/138545,,2022-08-04 11:42:29,LOW_HEAD_metadata_xlsxUTC_convert_xlsx,LOW_HEAD_CSBP_210507_PREPAID_001_AM_SOIL_format_UPDATE_xlsx; soil_depths_LowHead_UPDATE_xlsx; AM_curate_geo_loc_name_UPDATE_xlsx; LOW_HEAD_lat_lon_UTC_UPDATE_xlsxUTC_convert_xlsx; AM_add_meth_for_ALL_DB_UPDATE_xlsx;,Low Head,Bissett,Soil,,78.07,meth_2.1,,,,,,,,,,,,,,,,,,,,,,,Ramaciotti,,,,,6.01,meth_2.1,,,,,,,0.0,,,,102.100.100/138545,,,,,9.0,meth_2.1,,,,,,16S,,,,,2.0,meth_2.1,,,,,BPAOPS-1159,,,,,,,,,,,,,,,,,,0.39,meth_2.1,,,,,,,,,,,,,,https://data.bioplatforms.com//organization/australian-microbiome?q=sample_id:102.100.100/138545,2022-03-17,05:40:00,,,,,,,,,100.0,,Woodland,,,,,,,,,,,,,,,,,,
75a9f0a5-fc60-4af6-b455-32e2011d969b,Australian Microbiome Amplicons 16S 102.100.100/138546 K39YG,"Low Head, 16S MiSeq",bpa-amdb-genomics-amplicon-16s-138546-k39yg_aatgcctc-acgacgtg,,"{""coordinates"": [146.99222, -41.040174], ""type"": ""Point""}",CC-BY-4.0-AU,organization_member_after_embargo:date_of_transfer_to_archive:90:am-consortium-members,,2022-02-01,date,illumina-amplicons,doi:10.25953/ep2x-jh13,,,,,,,,,,,,Soil,,,3.0,meth_2.1,16S,MiSeq Reporter,2.6.2.3,MiSeq,,,,,,,,,,,,,https://downloads-qcif.bioplatforms.com/bpa/amd/amplicons-miseq/16s/BPAOPS-1159/,,,,,,,102.100.100/401950,Australian Microbiome Initiative (AM),AM_DNP,Free-living,,,0.28,meth_2.1,,,,,,,,,,,,BPAOPS-1159,,,,,,,,,,,,,,,,,,,,,,,,7.85,meth_2.1,66.48,meth_2.1,,,,2022-03-17T05:40:00,,DKGR,meth_2.1,138546_16S_K39YG_AATGCCTC-ACGACGTG,0.065,,,meth_2.1,,,,,,,,16S,https://github.com/AusMicrobiome/contextualdb_doc/raw/4.0.0/db_schema_definitions/db_schema_definitions.xlsx,102.100.100/401950,2021-11-03,2021-11-03,,,,,0.2,0.3,0.2,MiSeq data package,,,,,,,Neat,,,,,,0.13,meth_2.1,66.7,meth_2.1,0.53,meth_2.1,0.13,meth_2.1,,,,,,,,,,,,,,1 Conservation and Natural Environments,1.1.4 Natural feature protection,Soil [ENVO_00001998],,,,,0.36,meth_2.1,0.49,meth_2.1,0.7,meth_2.1,0.11,meth_2.1,0.29,meth_2.1,,,19.71,meth_2.1,,,,,,K39YG,,,20211103_AM_16S_UNSW_K39YG,,,,,,,,,,,,,Coastal (coastal terrestrial including cliff; rocky shore),Australia:Tasmania,,,,,0,meth_2.1,,,,,,,,,,,,,,,,,,,,,,,,,,,,,,,,,,,,,,,,,,,,,,AATGCCTC-ACGACGTG,,,,,,,,,,-41.040174 146.99222,-41.040174,,,,,,,,,,,,,146.99222,,,,,,,,,,,,,,,,,,,,,,,,,,,,,,,,,,,1e-10,meth_2.1,,,,,,,,,meth_3.1.1,Genomics,,,2.48,meth_2.1,,,,,,,,,,,,,,,,,,,P,,,,3.3,meth_2.1,4.4,meth_2.1,,,,,7.0,meth_2.1,,,,,,,,,,,,,,,48.0,meth_2.1,,,,,,,,,,,,,,,97875.0,,,,,,,,,,,,,,,,meth_1.1,,,,,AM_db_v4.0_202303211058.db,102.100.100/138546,,2022-08-04 11:42:29,LOW_HEAD_metadata_xlsxUTC_convert_xlsx,LOW_HEAD_CSBP_210507_PREPAID_001_AM_SOIL_format_UPDATE_xlsx; soil_depths_LowHead_UPDATE_xlsx; AM_curate_geo_loc_name_UPDATE_xlsx; LOW_HEAD_lat_lon_UTC_UPDATE_xlsxUTC_convert_xlsx; AM_add_meth_for_ALL_DB_UPDATE_xlsx;,Low Head,Bissett,Soil,,86.19,meth_2.1,,,,,,,,,,,,,,,,,,,,,,,Ramaciotti,,,,,5.96,meth_2.1,,,,,,,0.0,,,,102.100.100/138546,,,,,3.4,meth_2.1,,,,,,16S,,,,,1.5,meth_2.1,,,,,BPAOPS-1159,,,,,,,,,,,,,,,,,,0.08,meth_2.1,,,,,,,,,,,,,,https://data.bioplatforms.com//organization/australian-microbiome?q=sample_id:102.100.100/138546,2022-03-17,05:40:00,,,,,,,,,100.0,,Woodland,,,,,,,,,,,,,,,,,,
