Name,Description,Data File,MD5,SHA256,File size (bytes),S3 E-Tag (8MB multipart),S3 E-Tag (16MB multipart),S3 E-Tag (32MB multipart),S3 E-Tag (64MB multipart),S3 E-Tag (128MB multipart),S3 E-Tag Verified At,Format,amplicon,control_type,flow_id,index,resource_type,vendor
BASE_ITS_AGRF_A5P6W_checksums.md5,,https://data.bioplatforms.com/dataset/bpa-base-genomics-amplicon-control-its-control-a5p6w/resource/19c0b0b78cb3fdad54b7a11b3449e1d9/download/BASE_ITS_AGRF_A5P6W_checksums.md5,29b9af33a61a8350b733b18e30cb6398,,24743,,,,,,,MD5,,,,,base-genomics-amplicon-control,
BASE_ITS_AGRF_A79NR_checksums.md5,,https://data.bioplatforms.com/dataset/bpa-base-genomics-amplicon-control-its-control-a90g8/resource/d7c1b383c17fad8efa4445d8c1fa3799/download/BASE_ITS_AGRF_A79NR_checksums.md5,a7382938e79f6b0b669fa7d5c159b3f0,,24659,,,,,,,MD5,,,,,base-genomics-amplicon-control,
BASE_ITS_AGRF_A79NR_checksums.md5,,https://data.bioplatforms.com/dataset/bpa-base-genomics-amplicon-control-its-control-a79nr/resource/3b7abacb0d2371a698c2de8357994129/download/BASE_ITS_AGRF_A79NR_checksums.md5,a7382938e79f6b0b669fa7d5c159b3f0,,24659,,,,,,,MD5,,,,,base-genomics-amplicon-control,
BASE_ITS_AGRF_A90G8_checksums.md5,,https://data.bioplatforms.com/dataset/bpa-base-genomics-amplicon-control-its-control-a90g8/resource/f3e74d7ac3b14d48eadc029cdc8bd56d/download/BASE_ITS_AGRF_A90G8_checksums.md5,194001e0e7d068b5124c404690b75ade,,23312,,,,,,,MD5,,,,,base-genomics-amplicon-control,
BASE_ITS_AGRF_A90G8_checksums.md5,,https://data.bioplatforms.com/dataset/bpa-base-genomics-amplicon-control-its-control-a79nr/resource/1d356ac42438d3bf2ad8bb8e575753b7/download/BASE_ITS_AGRF_A90G8_checksums.md5,194001e0e7d068b5124c404690b75ade,,23312,,,,,,,MD5,,,,,base-genomics-amplicon-control,
BASE_ITS_AGRF_AAVYC_checksums.md5,,https://data.bioplatforms.com/dataset/bpa-base-genomics-amplicon-control-its-control-aavyc/resource/476af55e0088239d147a4bee0549d0e5/download/BASE_ITS_AGRF_AAVYC_checksums.md5,302782a0b3fb4398ac0bf1732ac44f7f,,26124,,,,,,,MD5,,,,,base-genomics-amplicon-control,
BASE_ITS_AGRF_ALBRY_checksums.md5,,https://data.bioplatforms.com/dataset/bpa-base-genomics-amplicon-control-its-control-albry/resource/10a5120976861861ee17f4714b3055d7/download/BASE_ITS_AGRF_ALBRY_checksums.md5,04499b45b07066ae2d2b252586a01816,,16730,,,,,,,MD5,,,,,base-genomics-amplicon-control,
BASE_ITS_AGRF_AN5TK_checksums.md5,,https://data.bioplatforms.com/dataset/bpa-base-genomics-amplicon-control-its-control-an5tk/resource/3d68217943abc2344287cddd6fd16785/download/BASE_ITS_AGRF_AN5TK_checksums.md5,115f7c06b8381d32fba1160e2cd40fcc,,20374,,,,,,,MD5,,,,,base-genomics-amplicon-control,
BASE_ITS_AGRF_ANVM7_checksums.md5,,https://data.bioplatforms.com/dataset/bpa-base-genomics-amplicon-control-its-control-anvm7/resource/83bf81a073c3b69fd6f425e6a73f4ca1/download/BASE_ITS_AGRF_ANVM7_checksums.md5,f0899345f10665c1b84594adef044fb6,,8064,,,,,,,MD5,,,,,base-genomics-amplicon-control,
BASE_ITS_AGRF_B39FT_checksums.md5,,https://data.bioplatforms.com/dataset/bpa-base-genomics-amplicon-control-its-control-b39ft/resource/993589fbce70df92059861fe131e2f56/download/BASE_ITS_AGRF_B39FT_checksums.md5,e5c0ce10c38af20309d0fb6090ff5f3a,,16718,,,,,,,MD5,,,,,base-genomics-amplicon-control,
BASE_ITS_AGRF_B39G7_checksums.md5,,https://data.bioplatforms.com/dataset/bpa-base-genomics-amplicon-control-its-control-b39g7/resource/5efdd7e33ca401f0b80f4f9e3b558c7c/download/BASE_ITS_AGRF_B39G7_checksums.md5,30167ec336a99a5f9f8faa080b1508f5,,16024,,,,,,,MD5,,,,,base-genomics-amplicon-control,
BASE_ITS_AGRF_B3C4H_checksums.md5,,https://data.bioplatforms.com/dataset/bpa-base-genomics-amplicon-control-its-control-b3c4h/resource/ffc5ebf6532cb6ec89a428e8a2326073/download/BASE_ITS_AGRF_B3C4H_checksums.md5,48de43907a932139c0d08c2de4c345bc,,13590,,,,,,,MD5,,,,,base-genomics-amplicon-control,
BASE_ITS_UNSW_A64HK_checksums.md5,,https://data.bioplatforms.com/dataset/bpa-base-genomics-amplicon-control-its-control-a64hk/resource/120e4848e25a57e2c55e6c79c757d791/download/BASE_ITS_UNSW_A64HK_checksums.md5,924399eeb43c32a39a7b325d5ed7a8bd,,25158,,,,,,,MD5,,,,,base-genomics-amplicon-control,
BASE_ITS_UNSW_A64JH_checksums.md5,,https://data.bioplatforms.com/dataset/bpa-base-genomics-amplicon-control-its-control-a64jh/resource/bc24402f56e711595affb3b3e3ba83f7/download/BASE_ITS_UNSW_A64JH_checksums.md5,42223244bcfbd7e42b5973f51653d7ab,,22974,,,,,,,MD5,,,,,base-genomics-amplicon-control,
BASE_ITS_UNSW_A64JJ_checksums.md5,,https://data.bioplatforms.com/dataset/bpa-base-genomics-amplicon-control-its-control-a64jj/resource/a5d6e840b986d038db5594f0305dcd35/download/BASE_ITS_UNSW_A64JJ_checksums.md5,edc5d472492a6fc40b723d56238bdfed,,24486,,,,,,,MD5,,,,,base-genomics-amplicon-control,
BASE_ITS_UNSW_AADNU_checksums.md5,,https://data.bioplatforms.com/dataset/bpa-base-genomics-amplicon-control-its-control-aadnu/resource/76233554651871e74569667b9055cbfc/download/BASE_ITS_UNSW_AADNU_checksums.md5,5e3ca14b559d4a2c46a99f1fa199cb4f,,25143,,,,,,,MD5,,,,,base-genomics-amplicon-control,
BASE_ITS_UNSW_AAUF6_checksums.md5,,https://data.bioplatforms.com/dataset/bpa-base-genomics-amplicon-control-its-control-aauf6/resource/00e9a45373112cd6c96a3a8b44e2afe3/download/BASE_ITS_UNSW_AAUF6_checksums.md5,2ccc69bb2700027680feec575df40488,,19128,,,,,,,MD5,,,,,base-genomics-amplicon-control,
BASE_ITS_UNSW_AC988_checksums.md5,,https://data.bioplatforms.com/dataset/bpa-base-genomics-amplicon-control-its-control-ac988/resource/693114d58afbc1ba0788403ab16c6235/download/BASE_ITS_UNSW_AC988_checksums.md5,da8ba5badd519634ff80bf3a6eb7a246,,25674,,,,,,,MD5,,,,,base-genomics-amplicon-control,
BASE_ITS_UNSW_AC9CM_checksums.md5,,https://data.bioplatforms.com/dataset/bpa-base-genomics-amplicon-control-its-control-ac9cm/resource/88fd5bd1d13a3538039279c3516f4c46/download/BASE_ITS_UNSW_AC9CM_checksums.md5,e49f9e05b2787b932c313e3351eb3ce0,,19074,,,,,,,MD5,,,,,base-genomics-amplicon-control,
BASE_ITS_UNSW_AGECM_checksums.md5,,https://data.bioplatforms.com/dataset/bpa-base-genomics-amplicon-control-its-control-agecm/resource/2abd53861d28276164c1c7c022e9b015/download/BASE_ITS_UNSW_AGECM_checksums.md5,cc50ea9532e1bf216d33c89bfbac3b2e,,25953,,,,,,,MD5,,,,,base-genomics-amplicon-control,
BASE_ITS_UNSW_AGEFG_checksums.md5,,https://data.bioplatforms.com/dataset/bpa-base-genomics-amplicon-control-its-control-agefg/resource/dac2e5469386e4034bdd547b49561561/download/BASE_ITS_UNSW_AGEFG_checksums.md5,c5234fc229503e9c4f17320ad1e1847d,,25680,,,,,,,MD5,,,,,base-genomics-amplicon-control,
BRLOPS-673_checksums.md5,,https://data.bioplatforms.com/dataset/bpa-base-genomics-amplicon-control-its-control-ageda/resource/289375e239afb0b07cfb22771e561c01/download/BRLOPS-673_checksums.md5,7609434da157b8fac307458958eb26b2,,25238,,,,,,,MD5,,,,,base-genomics-amplicon-control,
Bac_mock_community_ITS_AGRF_CGAGTTGTAGCG_ANVM7_ANVM7_CGAGTTGTAGCG_L001_R1.fastq.gz,,https://data.bioplatforms.com/dataset/bpa-base-genomics-amplicon-control-its-control-anvm7/resource/5b048b345b89f0bc53e19c2183559b68/download/Bac_mock_community_ITS_AGRF_CGAGTTGTAGCG_ANVM7_ANVM7_CGAGTTGTAGCG_L001_R1.fastq.gz,5b048b345b89f0bc53e19c2183559b68,4878724e51c45fdec9f372591c65451b57e2648b89a61d4e8be34e5cd664ae86,81160882,0c156e643a050c42717b711759ffe04e-10,0e40870e6df36091c5a0dd668fa02bc9-5,8be9aa420140c1bf3b50193875178ee8-3,,,,FASTQ,ITS,Bac_mock_community,ANVM7,CGAGTTGTAGCG,base-genomics-amplicon-control,AGRF
Bac_mock_community_ITS_AGRF_CGAGTTGTAGCG_ANVM7_ANVM7_CGAGTTGTAGCG_L001_R2.fastq.gz,,https://data.bioplatforms.com/dataset/bpa-base-genomics-amplicon-control-its-control-anvm7/resource/d7ef3294cf08c53aa3b3ac1c83340a62/download/Bac_mock_community_ITS_AGRF_CGAGTTGTAGCG_ANVM7_ANVM7_CGAGTTGTAGCG_L001_R2.fastq.gz,d7ef3294cf08c53aa3b3ac1c83340a62,3c21cc92284954df0fefca221c632d787a37d6a8bc16beca0a24a9415b4052a3,103228232,6fa7c92f6c13b74b83172e284a03598f-13,2433ad9b9f8a815c1a9dfc7d76203aea-7,959ba8979c21000f85e12570d045ff4f-4,,,,FASTQ,ITS,Bac_mock_community,ANVM7,CGAGTTGTAGCG,base-genomics-amplicon-control,AGRF
Fungal-mock-community_ITS_AGRF_ALBRY_CCAAGTCTTACA_L001_R1.fastq.gz,,https://data.bioplatforms.com/dataset/bpa-base-genomics-amplicon-control-its-control-albry/resource/b7209751c6636ce2170decdf99f6c843/download/Fungal-mock-community_ITS_AGRF_ALBRY_CCAAGTCTTACA_L001_R1.fastq.gz,b7209751c6636ce2170decdf99f6c843,7467b89e8894a0b671c624b5bd089550c9d3c2a177288e2c5b637eee0c972e3f,73370749,7b401797ce50a9fdd9d3aa0243c4a8b9-9,ede8c6a0b81b56f77105cbea242df5ad-5,3b9d46bf903d4d8d0d037c1fd9e10b40-3,,,,FASTQ,ITS,Fungal-mock-community,ALBRY,,base-genomics-amplicon-control,AGRF
Fungal-mock-community_ITS_AGRF_ALBRY_CCAAGTCTTACA_L001_R2.fastq.gz,,https://data.bioplatforms.com/dataset/bpa-base-genomics-amplicon-control-its-control-albry/resource/44b27a68894d61de9a69ab1fa59b12a4/download/Fungal-mock-community_ITS_AGRF_ALBRY_CCAAGTCTTACA_L001_R2.fastq.gz,44b27a68894d61de9a69ab1fa59b12a4,461b39a02661de080ae85e3417a6244a852423583ff3cb925a5f1aeb07dca062,84398032,7e7d14b0ef0302b48d9dbc8bf4c904d9-11,a76569d9a6b416dc6237b25b5fa27550-6,1b67b6e6acacfe213ddf460c3b4c15c2-3,,,,FASTQ,ITS,Fungal-mock-community,ALBRY,,base-genomics-amplicon-control,AGRF
Fungal-mock-community_ITS_AGRF_CCAAGTCTTACA_AN5TK_AN5TK_CCAAGTCTTACA_L001_R1.fastq.gz,,https://data.bioplatforms.com/dataset/bpa-base-genomics-amplicon-control-its-control-an5tk/resource/86b0d68de7724e18350197d90d8a7ef5/download/Fungal-mock-community_ITS_AGRF_CCAAGTCTTACA_AN5TK_AN5TK_CCAAGTCTTACA_L001_R1.fastq.gz,86b0d68de7724e18350197d90d8a7ef5,6e7f6a7c18422205fd4f3494a630224b8dd822a86a02abc177c7d8202a8cc55e,27814355,83036a016d355d07b7eacc94fa267d9f-4,2d50f01d725556eeb5e2a3649a6a53a4-2,86b0d68de7724e18350197d90d8a7ef5,,,,FASTQ,ITS,Fungal-mock-community,AN5TK,CCAAGTCTTACA,base-genomics-amplicon-control,AGRF
Fungal-mock-community_ITS_AGRF_CCAAGTCTTACA_AN5TK_AN5TK_CCAAGTCTTACA_L001_R2.fastq.gz,,https://data.bioplatforms.com/dataset/bpa-base-genomics-amplicon-control-its-control-an5tk/resource/a171f7b0adaf88492f3db81e072bf0e0/download/Fungal-mock-community_ITS_AGRF_CCAAGTCTTACA_AN5TK_AN5TK_CCAAGTCTTACA_L001_R2.fastq.gz,a171f7b0adaf88492f3db81e072bf0e0,d44546e85c28dee10f772cd914d5ad4f2122330f86d80603087227484a1de222,42100151,2d0fc937496586e48e01897392ed9ab8-6,fc7333a81ea87117680fd04f91cf3913-3,c9f533ad752af8b8f41261003eef0f18-2,,,,FASTQ,ITS,Fungal-mock-community,AN5TK,CCAAGTCTTACA,base-genomics-amplicon-control,AGRF
Fungal__mock_Community_ITS_AGRF_B39G7_ATGGACCGAACC_L001_R1.fastq.gz,,https://data.bioplatforms.com/dataset/bpa-base-genomics-amplicon-control-its-control-b39g7/resource/47aa4e29d8984872194981244b4c5c09/download/Fungal__mock_Community_ITS_AGRF_B39G7_ATGGACCGAACC_L001_R1.fastq.gz,47aa4e29d8984872194981244b4c5c09,96551c1a3e1137b7c0eeed9c8784058bac0038beed1391c7fbf7265b06c8193b,23846576,6ede6752262f4d432c447762376708f0-3,33fa37704df6c9db5b60bd911c24845c-2,47aa4e29d8984872194981244b4c5c09,,,,FASTQ,ITS,Fungal__mock_Community,B39G7,,base-genomics-amplicon-control,AGRF
Fungal__mock_Community_ITS_AGRF_B39G7_ATGGACCGAACC_L001_R2.fastq.gz,,https://data.bioplatforms.com/dataset/bpa-base-genomics-amplicon-control-its-control-b39g7/resource/7d89254e4e9ce6b4af2476d22193c8f1/download/Fungal__mock_Community_ITS_AGRF_B39G7_ATGGACCGAACC_L001_R2.fastq.gz,7d89254e4e9ce6b4af2476d22193c8f1,3c71cad97c5556d5e3eb3ce2c3bc4f9b7c4f826e65768fdf77626e526902712f,31506748,18438536f0db53ddcd48d6b6b3eda192-4,a0d77d78498e1256ef77bfcbc08ac657-2,7d89254e4e9ce6b4af2476d22193c8f1,,,,FASTQ,ITS,Fungal__mock_Community,B39G7,,base-genomics-amplicon-control,AGRF
Fungal_mock_community_ITS_AGRF_ACACTAGATCCG_AAVYC_S95_L001_I1.fastq.gz,,https://data.bioplatforms.com/dataset/bpa-base-genomics-amplicon-control-its-control-aavyc/resource/d660cd6c645e8f5a68eede3b07f4d536/download/Fungal_mock_community_ITS_AGRF_ACACTAGATCCG_AAVYC_S95_L001_I1.fastq.gz,d660cd6c645e8f5a68eede3b07f4d536,ef060e4ab6c9df338da8738261c97f8cf92a99e4e7d8a15dbda60184ca25d837,6363185,d660cd6c645e8f5a68eede3b07f4d536,d660cd6c645e8f5a68eede3b07f4d536,d660cd6c645e8f5a68eede3b07f4d536,,,,FASTQ,ITS,Fungal_mock_community,AAVYC,ACACTAGATCCG,base-genomics-amplicon-control,AGRF
Fungal_mock_community_ITS_AGRF_ACACTAGATCCG_AAVYC_S95_L001_R1.fastq.gz,,https://data.bioplatforms.com/dataset/bpa-base-genomics-amplicon-control-its-control-aavyc/resource/1b1b4dd5b25b732d3381dc8f91db694d/download/Fungal_mock_community_ITS_AGRF_ACACTAGATCCG_AAVYC_S95_L001_R1.fastq.gz,1b1b4dd5b25b732d3381dc8f91db694d,7691afbc231634a287dd4d718bd2cd3b07b15b7a6bd490afa20c87eff97c977f,107169982,7b826c80f8eea7cddb30c7e117b7eafe-13,d089fa24d471e73c83863ba2f9f936e8-7,872d50a7c56c7eaab8672c9d2c415be8-4,,,,FASTQ,ITS,Fungal_mock_community,AAVYC,ACACTAGATCCG,base-genomics-amplicon-control,AGRF
Fungal_mock_community_ITS_AGRF_ACACTAGATCCG_AAVYC_S95_L001_R2.fastq.gz,,https://data.bioplatforms.com/dataset/bpa-base-genomics-amplicon-control-its-control-aavyc/resource/8ef2026ac3f3e8b2a1214eddf9bb992a/download/Fungal_mock_community_ITS_AGRF_ACACTAGATCCG_AAVYC_S95_L001_R2.fastq.gz,8ef2026ac3f3e8b2a1214eddf9bb992a,69f719445b73e1b76e1e64a986870f8f54bd9ae368a5848e90998a749a8afa7e,124507335,3aa503859ce825aa7ac05f54f74fdb2d-15,a2e7778e17b1facc4139422ad9b88e4a-8,509b40482334feacc37d662d71e91edf-4,,,,FASTQ,ITS,Fungal_mock_community,AAVYC,ACACTAGATCCG,base-genomics-amplicon-control,AGRF
Fungal_mock_community_ITS_AGRF_B39FT_CCAAGTCTTACA_L001_R1.fastq.gz,,https://data.bioplatforms.com/dataset/bpa-base-genomics-amplicon-control-its-control-b39ft/resource/ed0c7d8dd3567fe1328b45f07bc4d4e8/download/Fungal_mock_community_ITS_AGRF_B39FT_CCAAGTCTTACA_L001_R1.fastq.gz,ed0c7d8dd3567fe1328b45f07bc4d4e8,c9005a3f432369d528eba33cb22c0564abe84686cbd26d6fa8c28c360bf368b4,19068674,7fe426d3de02cebf290d64af9fd35de1-3,7fc6ea34d13c9fbfdf7fe5f6bb59e79a-2,ed0c7d8dd3567fe1328b45f07bc4d4e8,,,,FASTQ,ITS,Fungal_mock_community,B39FT,,base-genomics-amplicon-control,AGRF
Fungal_mock_community_ITS_AGRF_B39FT_CCAAGTCTTACA_L001_R2.fastq.gz,,https://data.bioplatforms.com/dataset/bpa-base-genomics-amplicon-control-its-control-b39ft/resource/856932207d717dd3d832951826631e4b/download/Fungal_mock_community_ITS_AGRF_B39FT_CCAAGTCTTACA_L001_R2.fastq.gz,856932207d717dd3d832951826631e4b,8359263c38876e742b6caa33efca60e58cdd21b39bd4ede826e50ac892bbe0a1,27821822,1d2571058a1544e97c7d0a4fd99f24d5-4,6b6b2d7856ccc6466a78bb70795e62ea-2,856932207d717dd3d832951826631e4b,,,,FASTQ,ITS,Fungal_mock_community,B39FT,,base-genomics-amplicon-control,AGRF
Fungal_mock_community_ITS_AGRF_B3C4H_ATGTGGGACCCA_L001_R1.fastq.gz,,https://data.bioplatforms.com/dataset/bpa-base-genomics-amplicon-control-its-control-b3c4h/resource/33bd60e772a79ce0b310f3c1ac85800d/download/Fungal_mock_community_ITS_AGRF_B3C4H_ATGTGGGACCCA_L001_R1.fastq.gz,33bd60e772a79ce0b310f3c1ac85800d,e46558381acdbcccde05808523d04de9e5d8346a00bba4953ea4db9bfd5c52b3,37064506,45396f24782c15903255ec0b536ffd4a-5,6940f7618075c27688ceeb4336ae5469-3,0b9483ada5043d6389e9fc4024094ed0-2,,,,FASTQ,ITS,Fungal_mock_community,B3C4H,,base-genomics-amplicon-control,AGRF
Fungal_mock_community_ITS_AGRF_B3C4H_ATGTGGGACCCA_L001_R2.fastq.gz,,https://data.bioplatforms.com/dataset/bpa-base-genomics-amplicon-control-its-control-b3c4h/resource/700e99639bc9f8b909e901d3f307dd01/download/Fungal_mock_community_ITS_AGRF_B3C4H_ATGTGGGACCCA_L001_R2.fastq.gz,700e99639bc9f8b909e901d3f307dd01,8efc31515a03461c9d8e51c51abfa183a30fffb34950ed9f1de3cfa9c7c5af66,45477533,9f80fea85559f734cb1c3481d81d9d1f-6,7fe459cbc1da36b7f54150357aa2012c-3,9c6cd6cd58dc02e7596ee07158e675ea-2,,,,FASTQ,ITS,Fungal_mock_community,B3C4H,,base-genomics-amplicon-control,AGRF
Fungal_mock_community_ITS_AGRF_GCTCGAAGATCG_A5P6W_S96_L001_I1.fastq.gz,,https://data.bioplatforms.com/dataset/bpa-base-genomics-amplicon-control-its-control-a5p6w/resource/ed90ac6a126622522fd9951d754a1b95/download/Fungal_mock_community_ITS_AGRF_GCTCGAAGATCG_A5P6W_S96_L001_I1.fastq.gz,ed90ac6a126622522fd9951d754a1b95,e712c7a587ea87e9f585eb53e4680da41b1c66edcf7cf60094d6b1099424ea38,1903417,ed90ac6a126622522fd9951d754a1b95,ed90ac6a126622522fd9951d754a1b95,ed90ac6a126622522fd9951d754a1b95,,,,FASTQ,ITS,Fungal_mock_community,A5P6W,GCTCGAAGATCG,base-genomics-amplicon-control,AGRF
Fungal_mock_community_ITS_AGRF_GCTCGAAGATCG_A5P6W_S96_L001_R1.fastq.gz,,https://data.bioplatforms.com/dataset/bpa-base-genomics-amplicon-control-its-control-a5p6w/resource/0466f1a00ec24d14130fd166db29b431/download/Fungal_mock_community_ITS_AGRF_GCTCGAAGATCG_A5P6W_S96_L001_R1.fastq.gz,0466f1a00ec24d14130fd166db29b431,b55e19b0d0e8bda7575ebea68218b4f674a48e1125b0592b08a8f57c67cb6571,32145983,6ffcf0054f4e6fa6f7457c6318023866-4,4619c288458aae26b0a725da3001be82-2,0466f1a00ec24d14130fd166db29b431,,,,FASTQ,ITS,Fungal_mock_community,A5P6W,GCTCGAAGATCG,base-genomics-amplicon-control,AGRF
Fungal_mock_community_ITS_AGRF_GCTCGAAGATCG_A5P6W_S96_L001_R2.fastq.gz,,https://data.bioplatforms.com/dataset/bpa-base-genomics-amplicon-control-its-control-a5p6w/resource/aed164e18c7751bdf6b605be5c47f903/download/Fungal_mock_community_ITS_AGRF_GCTCGAAGATCG_A5P6W_S96_L001_R2.fastq.gz,aed164e18c7751bdf6b605be5c47f903,52181d1bce566b9fb9af63dba08a312b4daae29c8b5df0dca215bc0860c2a0b1,38897602,2c1430091fb77c144e29efcd70fb692f-5,c3ecd218643ee1c7043313ddedd2711f-3,512b9bf47f2f51f29b7251242cf95ad5-2,,,,FASTQ,ITS,Fungal_mock_community,A5P6W,GCTCGAAGATCG,base-genomics-amplicon-control,AGRF
Fungal_mock_community_ITS_AGRF_GCTCGAAGATCG_A79NR_S96_L001_I1.fastq.gz,,https://data.bioplatforms.com/dataset/bpa-base-genomics-amplicon-control-its-control-a79nr/resource/0e1c9e9bc60acb38f843c2b63f7da4da/download/Fungal_mock_community_ITS_AGRF_GCTCGAAGATCG_A79NR_S96_L001_I1.fastq.gz,0e1c9e9bc60acb38f843c2b63f7da4da,487c66e7cf550e4d82d9060c2ebc25724e34ae1bbccee7b606f46ad64a1601e9,375521,0e1c9e9bc60acb38f843c2b63f7da4da,0e1c9e9bc60acb38f843c2b63f7da4da,0e1c9e9bc60acb38f843c2b63f7da4da,,,,FASTQ,ITS,Fungal_mock_community,A79NR,GCTCGAAGATCG,base-genomics-amplicon-control,AGRF
Fungal_mock_community_ITS_AGRF_GCTCGAAGATCG_A79NR_S96_L001_R1.fastq.gz,,https://data.bioplatforms.com/dataset/bpa-base-genomics-amplicon-control-its-control-a79nr/resource/5419074ce54166c8762d1b722bd9555b/download/Fungal_mock_community_ITS_AGRF_GCTCGAAGATCG_A79NR_S96_L001_R1.fastq.gz,5419074ce54166c8762d1b722bd9555b,c7121d3bcbeb51ff22bfab88ef0eddc6510158361c4d99d92224cc8f8ae7ba03,3868513,5419074ce54166c8762d1b722bd9555b,5419074ce54166c8762d1b722bd9555b,5419074ce54166c8762d1b722bd9555b,,,,FASTQ,ITS,Fungal_mock_community,A79NR,GCTCGAAGATCG,base-genomics-amplicon-control,AGRF
Fungal_mock_community_ITS_AGRF_GCTCGAAGATCG_A79NR_S96_L001_R2.fastq.gz,,https://data.bioplatforms.com/dataset/bpa-base-genomics-amplicon-control-its-control-a79nr/resource/44d4e816694ee206b99d60f5be1f92e1/download/Fungal_mock_community_ITS_AGRF_GCTCGAAGATCG_A79NR_S96_L001_R2.fastq.gz,44d4e816694ee206b99d60f5be1f92e1,216fdf18e7bd4d238264092de4948f49f1d6e9be67f22c32e8af89150ffe7d4a,5896937,44d4e816694ee206b99d60f5be1f92e1,44d4e816694ee206b99d60f5be1f92e1,44d4e816694ee206b99d60f5be1f92e1,,,,FASTQ,ITS,Fungal_mock_community,A79NR,GCTCGAAGATCG,base-genomics-amplicon-control,AGRF
Fungal_mock_community_ITS_AGRF_GCTCGAAGATCG_A90G8_S96_L001_I1.fastq.gz,,https://data.bioplatforms.com/dataset/bpa-base-genomics-amplicon-control-its-control-a90g8/resource/573a95b8adb35b8ee0903bc2afd4eca5/download/Fungal_mock_community_ITS_AGRF_GCTCGAAGATCG_A90G8_S96_L001_I1.fastq.gz,573a95b8adb35b8ee0903bc2afd4eca5,22da35aea2475b060cc1d20e1c4511238e66cfb36a886a4b09adca9caf6084d0,463207,573a95b8adb35b8ee0903bc2afd4eca5,573a95b8adb35b8ee0903bc2afd4eca5,573a95b8adb35b8ee0903bc2afd4eca5,,,,FASTQ,ITS,Fungal_mock_community,A90G8,GCTCGAAGATCG,base-genomics-amplicon-control,AGRF
Fungal_mock_community_ITS_AGRF_GCTCGAAGATCG_A90G8_S96_L001_R1.fastq.gz,,https://data.bioplatforms.com/dataset/bpa-base-genomics-amplicon-control-its-control-a90g8/resource/4c73d77bfeb48975380c8c58ef3ade31/download/Fungal_mock_community_ITS_AGRF_GCTCGAAGATCG_A90G8_S96_L001_R1.fastq.gz,4c73d77bfeb48975380c8c58ef3ade31,306b17f874a9e42814a30f5f4353af4350c689b37b9c9843dedf57e61c45dfe2,7406117,4c73d77bfeb48975380c8c58ef3ade31,4c73d77bfeb48975380c8c58ef3ade31,4c73d77bfeb48975380c8c58ef3ade31,,,,FASTQ,ITS,Fungal_mock_community,A90G8,GCTCGAAGATCG,base-genomics-amplicon-control,AGRF
Fungal_mock_community_ITS_AGRF_GCTCGAAGATCG_A90G8_S96_L001_R2.fastq.gz,,https://data.bioplatforms.com/dataset/bpa-base-genomics-amplicon-control-its-control-a90g8/resource/3232ec4753f40719840cb60ba2c75dbb/download/Fungal_mock_community_ITS_AGRF_GCTCGAAGATCG_A90G8_S96_L001_R2.fastq.gz,3232ec4753f40719840cb60ba2c75dbb,8b93b04ae6201faeb5282abe5151b2ebe3ad713dd7f1b105d512239d10e4cd13,9116812,4eaf95edbde14cd4d328aa0e63bfad4a-2,3232ec4753f40719840cb60ba2c75dbb,3232ec4753f40719840cb60ba2c75dbb,,,,FASTQ,ITS,Fungal_mock_community,A90G8,GCTCGAAGATCG,base-genomics-amplicon-control,AGRF
Fungal_mock_community_ITS_UNSW_AACCGCGGTCAA_A64HK_S82_L001_I1.fastq.gz,,https://data.bioplatforms.com/dataset/bpa-base-genomics-amplicon-control-its-control-a64hk/resource/837a2c9ea9935e619e53ae50dc406f1d/download/Fungal_mock_community_ITS_UNSW_AACCGCGGTCAA_A64HK_S82_L001_I1.fastq.gz,837a2c9ea9935e619e53ae50dc406f1d,46e81e8fc2f9a26b7877787a840cc31b2d3f3764516bbea93cb186523a8e345b,1216495,837a2c9ea9935e619e53ae50dc406f1d,837a2c9ea9935e619e53ae50dc406f1d,837a2c9ea9935e619e53ae50dc406f1d,,,,FASTQ,ITS,Fungal_mock_community,A64HK,AACCGCGGTCAA,base-genomics-amplicon-control,UNSW
Fungal_mock_community_ITS_UNSW_AACCGCGGTCAA_A64HK_S82_L001_R1.fastq.gz,,https://data.bioplatforms.com/dataset/bpa-base-genomics-amplicon-control-its-control-a64hk/resource/a52f752fc6fd7a1b53706d1a124639e0/download/Fungal_mock_community_ITS_UNSW_AACCGCGGTCAA_A64HK_S82_L001_R1.fastq.gz,a52f752fc6fd7a1b53706d1a124639e0,028d00d5384117b9eb0db0bce046c6a366a2f2614d67996bda886fbca8bd9b73,20000406,edc2713050eeda14194e7856a5f9d9c1-3,7a997a39e30c641c05089defa6c5a7a1-2,a52f752fc6fd7a1b53706d1a124639e0,,,,FASTQ,ITS,Fungal_mock_community,A64HK,AACCGCGGTCAA,base-genomics-amplicon-control,UNSW
Fungal_mock_community_ITS_UNSW_AACCGCGGTCAA_A64HK_S82_L001_R2.fastq.gz,,https://data.bioplatforms.com/dataset/bpa-base-genomics-amplicon-control-its-control-a64hk/resource/1d2e1323e1eded124c0c590457f20a30/download/Fungal_mock_community_ITS_UNSW_AACCGCGGTCAA_A64HK_S82_L001_R2.fastq.gz,1d2e1323e1eded124c0c590457f20a30,e120885ee79d424112a4d7ff06b417b73c04737b325d186d268ed89408bed773,24384254,c1b03de66413fcc549a7f2f59b60a219-3,5e4fac30dd1faf534b516f1c9ca4da19-2,1d2e1323e1eded124c0c590457f20a30,,,,FASTQ,ITS,Fungal_mock_community,A64HK,AACCGCGGTCAA,base-genomics-amplicon-control,UNSW
Fungal_mock_community_ITS_UNSW_AACCGCGGTCAA_A64JH_S76_L001_I1.fastq.gz,,https://data.bioplatforms.com/dataset/bpa-base-genomics-amplicon-control-its-control-a64jh/resource/48063b1e70cb34921f2960be4789ad77/download/Fungal_mock_community_ITS_UNSW_AACCGCGGTCAA_A64JH_S76_L001_I1.fastq.gz,48063b1e70cb34921f2960be4789ad77,00fddfa1fcf8e26fa3b99106ba0448a5ea3f95d426db3e4f7206e9c64e205940,1497813,48063b1e70cb34921f2960be4789ad77,48063b1e70cb34921f2960be4789ad77,48063b1e70cb34921f2960be4789ad77,,,,FASTQ,ITS,Fungal_mock_community,A64JH,AACCGCGGTCAA,base-genomics-amplicon-control,UNSW
Fungal_mock_community_ITS_UNSW_AACCGCGGTCAA_A64JH_S76_L001_R1.fastq.gz,,https://data.bioplatforms.com/dataset/bpa-base-genomics-amplicon-control-its-control-a64jh/resource/d3b3fb919cacb982bdec269bd3b47349/download/Fungal_mock_community_ITS_UNSW_AACCGCGGTCAA_A64JH_S76_L001_R1.fastq.gz,d3b3fb919cacb982bdec269bd3b47349,ada61f17a1b3e34d41ce2c52e244559f9954cc903594f92948bc9551e92e4ade,23861788,d1b2f5df91d4ed9a490eff7901f7541d-3,b0e9f1762e1202d2a4b2f856fefe6ce2-2,d3b3fb919cacb982bdec269bd3b47349,,,,FASTQ,ITS,Fungal_mock_community,A64JH,AACCGCGGTCAA,base-genomics-amplicon-control,UNSW
Fungal_mock_community_ITS_UNSW_AACCGCGGTCAA_A64JH_S76_L001_R2.fastq.gz,,https://data.bioplatforms.com/dataset/bpa-base-genomics-amplicon-control-its-control-a64jh/resource/b3a1ae52e09e648fc026c77609440131/download/Fungal_mock_community_ITS_UNSW_AACCGCGGTCAA_A64JH_S76_L001_R2.fastq.gz,b3a1ae52e09e648fc026c77609440131,ea1ea51d8ccc4ee36ca6f2c27a32bd3766fe5370c57960dfdbcaab1e26239dda,31898929,4b7de36177fa343fbfb34e6e14f039e9-4,cbc91c7ba2a6b186a57eb1fda0ec9d0a-2,b3a1ae52e09e648fc026c77609440131,,,,FASTQ,ITS,Fungal_mock_community,A64JH,AACCGCGGTCAA,base-genomics-amplicon-control,UNSW
Fungal_mock_community_ITS_UNSW_AACCGCGGTCAA_A64JJ_S84_L001_I1.fastq.gz,,https://data.bioplatforms.com/dataset/bpa-base-genomics-amplicon-control-its-control-a64jj/resource/f0694410ef3f0b712f65f8f73b6628fa/download/Fungal_mock_community_ITS_UNSW_AACCGCGGTCAA_A64JJ_S84_L001_I1.fastq.gz,f0694410ef3f0b712f65f8f73b6628fa,ceafbaf53885e7f626894c92a49f19ceafa0185aeabb14631a686e7294b4d1dd,1040696,f0694410ef3f0b712f65f8f73b6628fa,f0694410ef3f0b712f65f8f73b6628fa,f0694410ef3f0b712f65f8f73b6628fa,,,,FASTQ,ITS,Fungal_mock_community,A64JJ,AACCGCGGTCAA,base-genomics-amplicon-control,UNSW
Fungal_mock_community_ITS_UNSW_AACCGCGGTCAA_A64JJ_S84_L001_R1.fastq.gz,,https://data.bioplatforms.com/dataset/bpa-base-genomics-amplicon-control-its-control-a64jj/resource/ca4fb0c143caa222b5708b485a26ddc6/download/Fungal_mock_community_ITS_UNSW_AACCGCGGTCAA_A64JJ_S84_L001_R1.fastq.gz,ca4fb0c143caa222b5708b485a26ddc6,645104903959daef4c53c1817140150609bb3a0878fb0d965e44daa7f09278df,15993092,f6d72274fed63ee12ff1cb5fc7227754-2,ca4fb0c143caa222b5708b485a26ddc6,ca4fb0c143caa222b5708b485a26ddc6,,,,FASTQ,ITS,Fungal_mock_community,A64JJ,AACCGCGGTCAA,base-genomics-amplicon-control,UNSW
Fungal_mock_community_ITS_UNSW_AACCGCGGTCAA_A64JJ_S84_L001_R2.fastq.gz,,https://data.bioplatforms.com/dataset/bpa-base-genomics-amplicon-control-its-control-a64jj/resource/4ebac9d70cb00a7a1b0704564dbc60b2/download/Fungal_mock_community_ITS_UNSW_AACCGCGGTCAA_A64JJ_S84_L001_R2.fastq.gz,4ebac9d70cb00a7a1b0704564dbc60b2,b36bc4982bc63c59b59d20973a1f7b461b9d2b5e0ca10ecbb714709a8384d0a4,20979084,567a8b4c8f21f531aa81d49c7472592c-3,494f1e4787bbe4a763feb89a3fe63372-2,4ebac9d70cb00a7a1b0704564dbc60b2,,,,FASTQ,ITS,Fungal_mock_community,A64JJ,AACCGCGGTCAA,base-genomics-amplicon-control,UNSW
Fungal_mock_community_ITS_UNSW_AACCGCGGTCAA_AGECM_S84_L001_I1.fastq.gz,,https://data.bioplatforms.com/dataset/bpa-base-genomics-amplicon-control-its-control-agecm/resource/8d9727d686d52ae30602c1cf5db8cfa3/download/Fungal_mock_community_ITS_UNSW_AACCGCGGTCAA_AGECM_S84_L001_I1.fastq.gz,8d9727d686d52ae30602c1cf5db8cfa3,99aa949a22e3401cd74666fae8d04caf703e219cdfabdb6ca12b25c3542756c9,3517796,8d9727d686d52ae30602c1cf5db8cfa3,8d9727d686d52ae30602c1cf5db8cfa3,8d9727d686d52ae30602c1cf5db8cfa3,,,,FASTQ,ITS,Fungal_mock_community,AGECM,AACCGCGGTCAA,base-genomics-amplicon-control,UNSW
Fungal_mock_community_ITS_UNSW_AACCGCGGTCAA_AGECM_S84_L001_R1.fastq.gz,,https://data.bioplatforms.com/dataset/bpa-base-genomics-amplicon-control-its-control-agecm/resource/e2dcdae1f2f10c2fe1bcee0af5030731/download/Fungal_mock_community_ITS_UNSW_AACCGCGGTCAA_AGECM_S84_L001_R1.fastq.gz,e2dcdae1f2f10c2fe1bcee0af5030731,d2695cf3f3201ca9578ce647bf5911c50bcd06fb399e970c4cb8d5af001dd71c,68333675,fc2390415155246b0cfba3d5dc77a76e-9,49b92fd34844e10be1aa9d6bb3af13bc-5,5ce80cbf95de82c2f5b1af64bf6128c2-3,,,,FASTQ,ITS,Fungal_mock_community,AGECM,AACCGCGGTCAA,base-genomics-amplicon-control,UNSW
Fungal_mock_community_ITS_UNSW_AACCGCGGTCAA_AGECM_S84_L001_R2.fastq.gz,,https://data.bioplatforms.com/dataset/bpa-base-genomics-amplicon-control-its-control-agecm/resource/e4a9ea8b4c5c538d5f6bf0da7ae3fb52/download/Fungal_mock_community_ITS_UNSW_AACCGCGGTCAA_AGECM_S84_L001_R2.fastq.gz,e4a9ea8b4c5c538d5f6bf0da7ae3fb52,3efcada8d19f1a86cde71369ed2f5a853704bf0f40672820441ca62dcd3b1039,78879849,e0efbd18a96a43d361ae564cf9ac1083-10,170164f0291f47d37bf1d06a92404eb4-5,a87966850d1af88bcfd3b6722c3eb553-3,,,,FASTQ,ITS,Fungal_mock_community,AGECM,AACCGCGGTCAA,base-genomics-amplicon-control,UNSW
Fungal_mock_community_ITS_UNSW_AACCGCGGTCAA_AGEDA_S84_L001_I1.fastq.gz,,https://data.bioplatforms.com/dataset/bpa-base-genomics-amplicon-control-its-control-ageda/resource/b088fa867202d4523370a889bdbf7972/download/Fungal_mock_community_ITS_UNSW_AACCGCGGTCAA_AGEDA_S84_L001_I1.fastq.gz,b088fa867202d4523370a889bdbf7972,57f149681955bb72fb1568d75dc7b7f9999a6cfc116087e26b048fc527a247f6,2430230,b088fa867202d4523370a889bdbf7972,b088fa867202d4523370a889bdbf7972,b088fa867202d4523370a889bdbf7972,,,,FASTQ,ITS,Fungal_mock_community,AGEDA,AACCGCGGTCAA,base-genomics-amplicon-control,UNSW
Fungal_mock_community_ITS_UNSW_AACCGCGGTCAA_AGEDA_S84_L001_R1.fastq.gz,,https://data.bioplatforms.com/dataset/bpa-base-genomics-amplicon-control-its-control-ageda/resource/2229ff9c05d11b95e4a9e7f341be8575/download/Fungal_mock_community_ITS_UNSW_AACCGCGGTCAA_AGEDA_S84_L001_R1.fastq.gz,2229ff9c05d11b95e4a9e7f341be8575,616ed58eff701cc12aeac3d5e103f741fdd3fd47c30b8c23e4237a20378220e7,47321650,e382ef3cc1f65692d2087d4cd2711b6a-6,bcd04952b7ae5228b770ac32afc00cf5-3,9ff94335d11c00a20782ccd21cd0fffe-2,,,,FASTQ,ITS,Fungal_mock_community,AGEDA,AACCGCGGTCAA,base-genomics-amplicon-control,UNSW
Fungal_mock_community_ITS_UNSW_AACCGCGGTCAA_AGEDA_S84_L001_R2.fastq.gz,,https://data.bioplatforms.com/dataset/bpa-base-genomics-amplicon-control-its-control-ageda/resource/84a1652db3de1aeabba5966dd3fc389f/download/Fungal_mock_community_ITS_UNSW_AACCGCGGTCAA_AGEDA_S84_L001_R2.fastq.gz,84a1652db3de1aeabba5966dd3fc389f,3a44ccbbeea8015431b29a5c831a646b74a012196735231097376199cb41d7e0,56885472,26b4c3386741807975013fadae3d4932-7,3adfad5f84720a9764ac7aa44d04fd00-4,575dc8a6c53dd0290b691312f557815c-2,,,,FASTQ,ITS,Fungal_mock_community,AGEDA,AACCGCGGTCAA,base-genomics-amplicon-control,UNSW
Fungal_mock_community_ITS_UNSW_AACCGCGGTCAA_AGEFG_S83_L001_I1.fastq.gz,,https://data.bioplatforms.com/dataset/bpa-base-genomics-amplicon-control-its-control-agefg/resource/3a53b8651a3da38b6968363c863b2c8b/download/Fungal_mock_community_ITS_UNSW_AACCGCGGTCAA_AGEFG_S83_L001_I1.fastq.gz,3a53b8651a3da38b6968363c863b2c8b,fe5b4e50db1de93930b3a7927a66404031b8e8363e8139e4d495acb3b096a9b2,3525367,3a53b8651a3da38b6968363c863b2c8b,3a53b8651a3da38b6968363c863b2c8b,3a53b8651a3da38b6968363c863b2c8b,,,,FASTQ,ITS,Fungal_mock_community,AGEFG,AACCGCGGTCAA,base-genomics-amplicon-control,UNSW
Fungal_mock_community_ITS_UNSW_AACCGCGGTCAA_AGEFG_S83_L001_R1.fastq.gz,,https://data.bioplatforms.com/dataset/bpa-base-genomics-amplicon-control-its-control-agefg/resource/ea68dc7f425bb7ebb12b3be1fd5d41c3/download/Fungal_mock_community_ITS_UNSW_AACCGCGGTCAA_AGEFG_S83_L001_R1.fastq.gz,ea68dc7f425bb7ebb12b3be1fd5d41c3,6d6a1f5abb0c308e0591e7be53ad04426d22a82dcfdf9f87525abe48ea54b0da,71472630,d7a91c8a0a2ce38d869917c9597365f8-9,d59541b8ca655f2cd69b355ef0153bc1-5,b89ea48f5f70ed348bcf361b693086f5-3,,,,FASTQ,ITS,Fungal_mock_community,AGEFG,AACCGCGGTCAA,base-genomics-amplicon-control,UNSW
Fungal_mock_community_ITS_UNSW_AACCGCGGTCAA_AGEFG_S83_L001_R2.fastq.gz,,https://data.bioplatforms.com/dataset/bpa-base-genomics-amplicon-control-its-control-agefg/resource/2632b9847b7874113cc48bdec09bea75/download/Fungal_mock_community_ITS_UNSW_AACCGCGGTCAA_AGEFG_S83_L001_R2.fastq.gz,2632b9847b7874113cc48bdec09bea75,36651c0858267e3ed1eab8e5806f2c3b7c27b85ed2ffb06da219a9b1f9fb9570,80954844,854954ca34820d8b61d286143f975ba4-10,8ab24afea4fa742485ec2d0824ac8206-5,8c5ee44d6e89b29fa9f58735c8973bd0-3,,,,FASTQ,ITS,Fungal_mock_community,AGEFG,AACCGCGGTCAA,base-genomics-amplicon-control,UNSW
Fungal_mock_community_ITS_UNSW_ACACTAGATCCG_AADNU_S95_L001_I1.fastq.gz,,https://data.bioplatforms.com/dataset/bpa-base-genomics-amplicon-control-its-control-aadnu/resource/bdff36768305cd18acd1e7027efe3398/download/Fungal_mock_community_ITS_UNSW_ACACTAGATCCG_AADNU_S95_L001_I1.fastq.gz,bdff36768305cd18acd1e7027efe3398,89c38cfe2456cb7e58d3f3bfecc07c85d5241d5c3c2b18834f9646769c290b08,3116410,bdff36768305cd18acd1e7027efe3398,bdff36768305cd18acd1e7027efe3398,bdff36768305cd18acd1e7027efe3398,,,,FASTQ,ITS,Fungal_mock_community,AADNU,ACACTAGATCCG,base-genomics-amplicon-control,UNSW
Fungal_mock_community_ITS_UNSW_ACACTAGATCCG_AADNU_S95_L001_R1.fastq.gz,,https://data.bioplatforms.com/dataset/bpa-base-genomics-amplicon-control-its-control-aadnu/resource/4ff497b08eedfadbfc0daf6bae4b05c6/download/Fungal_mock_community_ITS_UNSW_ACACTAGATCCG_AADNU_S95_L001_R1.fastq.gz,4ff497b08eedfadbfc0daf6bae4b05c6,8e5445017ab76b332ea4de67be6c667bb0d3620bcb546c78b80ecacda3190336,55742743,d3acb00285d5b83dab5caa540d661050-7,1032aba26457f642c373a2d14295075c-4,d5ce59aef89086e057b90d12b5a23bad-2,,,,FASTQ,ITS,Fungal_mock_community,AADNU,ACACTAGATCCG,base-genomics-amplicon-control,UNSW
Fungal_mock_community_ITS_UNSW_ACACTAGATCCG_AADNU_S95_L001_R2.fastq.gz,,https://data.bioplatforms.com/dataset/bpa-base-genomics-amplicon-control-its-control-aadnu/resource/fa78e867d3d2b298d86023639442be93/download/Fungal_mock_community_ITS_UNSW_ACACTAGATCCG_AADNU_S95_L001_R2.fastq.gz,fa78e867d3d2b298d86023639442be93,78ba2bd0bef1fd72a4e51f896c18184f5ee3d91aed4a65ac018bbceefb739c62,63777324,d6ffab460058be39af19f5d9860395b0-8,efa41d22bf15325b1fc952584b41be45-4,e0d64e5f736622e10b98e87c30cc856b-2,,,,FASTQ,ITS,Fungal_mock_community,AADNU,ACACTAGATCCG,base-genomics-amplicon-control,UNSW
Fungal_mock_community_ITS_UNSW_ACACTAGATCCG_AAUF6_S71_L001_I1.fastq.gz,,https://data.bioplatforms.com/dataset/bpa-base-genomics-amplicon-control-its-control-aauf6/resource/d24adba9532f9bec7f0f0bd721825ac3/download/Fungal_mock_community_ITS_UNSW_ACACTAGATCCG_AAUF6_S71_L001_I1.fastq.gz,d24adba9532f9bec7f0f0bd721825ac3,d5f47d0412ad565e44c5b0b7a3543571a580168503a8e617be2d7f404b53aee8,3216754,d24adba9532f9bec7f0f0bd721825ac3,d24adba9532f9bec7f0f0bd721825ac3,d24adba9532f9bec7f0f0bd721825ac3,,,,FASTQ,ITS,Fungal_mock_community,AAUF6,ACACTAGATCCG,base-genomics-amplicon-control,UNSW
Fungal_mock_community_ITS_UNSW_ACACTAGATCCG_AAUF6_S71_L001_R1.fastq.gz,,https://data.bioplatforms.com/dataset/bpa-base-genomics-amplicon-control-its-control-aauf6/resource/8b9303f279ea012d7fc2cbd8ca0ad3fd/download/Fungal_mock_community_ITS_UNSW_ACACTAGATCCG_AAUF6_S71_L001_R1.fastq.gz,8b9303f279ea012d7fc2cbd8ca0ad3fd,4a3ad3a3f5a566d0cdbb2455532c1a4cf6ed0269f4838df324d6ba6154139b63,53550715,c3c3aff0c9d1aa8858ca08fb73ce55fb-7,f71a3b0449363b5eff3f4cc7075bdf2f-4,e99e12689381d5c68fa6f57ff8b302d5-2,,,,FASTQ,ITS,Fungal_mock_community,AAUF6,ACACTAGATCCG,base-genomics-amplicon-control,UNSW
Fungal_mock_community_ITS_UNSW_ACACTAGATCCG_AAUF6_S71_L001_R2.fastq.gz,,https://data.bioplatforms.com/dataset/bpa-base-genomics-amplicon-control-its-control-aauf6/resource/4368c3e5e221633448c0b317755d7e3e/download/Fungal_mock_community_ITS_UNSW_ACACTAGATCCG_AAUF6_S71_L001_R2.fastq.gz,4368c3e5e221633448c0b317755d7e3e,3e3d389687167ed3f0d70ef5caa35e2b5d256464801e390016ee40d4d823c04b,69601474,45621d064d9f641a025d4b11954d520c-9,47f6f6240b6655e51a893e9bc7b4350d-5,9f53cf184c45d0f87528be1d8753f86c-3,,,,FASTQ,ITS,Fungal_mock_community,AAUF6,ACACTAGATCCG,base-genomics-amplicon-control,UNSW
Fungal_mock_community_ITS_UNSW_CCATACATAGCT_AC9CM_S44_L001_I1.fastq.gz,,https://data.bioplatforms.com/dataset/bpa-base-genomics-amplicon-control-its-control-ac9cm/resource/b0c7bb13b92c999c08ea025417a6f1ee/download/Fungal_mock_community_ITS_UNSW_CCATACATAGCT_AC9CM_S44_L001_I1.fastq.gz,b0c7bb13b92c999c08ea025417a6f1ee,fb8fbe724554b9a0d87d1b2de1f9b661be03259fb2d89ca2856841928f210ffc,3443545,b0c7bb13b92c999c08ea025417a6f1ee,b0c7bb13b92c999c08ea025417a6f1ee,b0c7bb13b92c999c08ea025417a6f1ee,,,,FASTQ,ITS,Fungal_mock_community,AC9CM,CCATACATAGCT,base-genomics-amplicon-control,UNSW
Fungal_mock_community_ITS_UNSW_CCATACATAGCT_AC9CM_S44_L001_R1.fastq.gz,,https://data.bioplatforms.com/dataset/bpa-base-genomics-amplicon-control-its-control-ac9cm/resource/0010224f4bae6196e6fbfd39b6aa8a63/download/Fungal_mock_community_ITS_UNSW_CCATACATAGCT_AC9CM_S44_L001_R1.fastq.gz,0010224f4bae6196e6fbfd39b6aa8a63,b132023c3bb8b080ae155185f2c1879ce1d9c6b398d4ed9de22c6d22a991b714,56726818,872ca254d72ced60534117907f5bd7b4-7,d8c3702d5e7d070d39f6418f4661f5f8-4,156cb9ccfaad41cfdeece741591eaa5e-2,,,,FASTQ,ITS,Fungal_mock_community,AC9CM,CCATACATAGCT,base-genomics-amplicon-control,UNSW
Fungal_mock_community_ITS_UNSW_CCATACATAGCT_AC9CM_S44_L001_R2.fastq.gz,,https://data.bioplatforms.com/dataset/bpa-base-genomics-amplicon-control-its-control-ac9cm/resource/6225d05a6fd8ce1227a9ac5496af78be/download/Fungal_mock_community_ITS_UNSW_CCATACATAGCT_AC9CM_S44_L001_R2.fastq.gz,6225d05a6fd8ce1227a9ac5496af78be,5b34d4581fe824fe7cad71220196bac857e04d30bc637b36be1d97a43081a1ef,75111164,d681ca95990ecd7fbf3be260f3a06a62-9,6b30db4727ffcfa6e0aa7b725cfb81df-5,7d5af2fcb08b524fa83c1a38d37d8070-3,,,,FASTQ,ITS,Fungal_mock_community,AC9CM,CCATACATAGCT,base-genomics-amplicon-control,UNSW
Fungal_mock_community_ITS_UNSW_CGAGTTGTAGCG_AC988_S72_L001_I1.fastq.gz,,https://data.bioplatforms.com/dataset/bpa-base-genomics-amplicon-control-its-control-ac988/resource/965d1ddef3feb4c26009fdeafcc91ec9/download/Fungal_mock_community_ITS_UNSW_CGAGTTGTAGCG_AC988_S72_L001_I1.fastq.gz,965d1ddef3feb4c26009fdeafcc91ec9,51178a1f17a42c06182f53269a7e83b53718f945d99cbe4408c4f30159436456,4901125,965d1ddef3feb4c26009fdeafcc91ec9,965d1ddef3feb4c26009fdeafcc91ec9,965d1ddef3feb4c26009fdeafcc91ec9,,,,FASTQ,ITS,Fungal_mock_community,AC988,CGAGTTGTAGCG,base-genomics-amplicon-control,UNSW
Fungal_mock_community_ITS_UNSW_CGAGTTGTAGCG_AC988_S72_L001_R1.fastq.gz,,https://data.bioplatforms.com/dataset/bpa-base-genomics-amplicon-control-its-control-ac988/resource/cf9aac127be5f3d5f49fb82810b4963c/download/Fungal_mock_community_ITS_UNSW_CGAGTTGTAGCG_AC988_S72_L001_R1.fastq.gz,cf9aac127be5f3d5f49fb82810b4963c,b75f52f90a24b7a750cfda9c2fa1afadd4ff0507a21a4ea260c388683db07a93,81767652,94c4fe2f21ff62569476c333adcdd939-10,3b93ddd29adbd2850883b3a90dd0f3fa-5,136d1155d3b38fb204a8a117cb62fead-3,,,,FASTQ,ITS,Fungal_mock_community,AC988,CGAGTTGTAGCG,base-genomics-amplicon-control,UNSW
Fungal_mock_community_ITS_UNSW_CGAGTTGTAGCG_AC988_S72_L001_R2.fastq.gz,,https://data.bioplatforms.com/dataset/bpa-base-genomics-amplicon-control-its-control-ac988/resource/b686c0f30416cff4819f62c9fda2bb17/download/Fungal_mock_community_ITS_UNSW_CGAGTTGTAGCG_AC988_S72_L001_R2.fastq.gz,b686c0f30416cff4819f62c9fda2bb17,1efc7e461904a65ae0df9774efef658b952e4676a9895f071bb90aea8001dd29,106441521,f412f85e28195ee438fdf038553d1e85-13,9fe1c23116097f26c888b071ec72f8ff-7,3127acbdc9991d5bfbdbb7b1a2ca9aa2-4,,,,FASTQ,ITS,Fungal_mock_community,AC988,CGAGTTGTAGCG,base-genomics-amplicon-control,UNSW
NEG_1_ITS_AGRF_ALBRY_GCTCGAAGATCG_L001_R1.fastq.gz,,https://data.bioplatforms.com/dataset/bpa-base-genomics-amplicon-control-its-control-albry/resource/dcc3eb96cfbdaabdc9b123006af31b9d/download/NEG_1_ITS_AGRF_ALBRY_GCTCGAAGATCG_L001_R1.fastq.gz,dcc3eb96cfbdaabdc9b123006af31b9d,ffbd3453960c63886caf0627e6da574b901fb047d33fc69598a5f02025549838,2219,dcc3eb96cfbdaabdc9b123006af31b9d,dcc3eb96cfbdaabdc9b123006af31b9d,dcc3eb96cfbdaabdc9b123006af31b9d,,,,FASTQ,ITS,NEG_1,ALBRY,,base-genomics-amplicon-control,AGRF
NEG_1_ITS_AGRF_ALBRY_GCTCGAAGATCG_L001_R2.fastq.gz,,https://data.bioplatforms.com/dataset/bpa-base-genomics-amplicon-control-its-control-albry/resource/16fda645c265daea1d383d40dd4e6d0f/download/NEG_1_ITS_AGRF_ALBRY_GCTCGAAGATCG_L001_R2.fastq.gz,16fda645c265daea1d383d40dd4e6d0f,b5e54401634f136e36909999495e47cbdccd55b0bf53d877b2f0f7348adc1d04,2404,16fda645c265daea1d383d40dd4e6d0f,16fda645c265daea1d383d40dd4e6d0f,16fda645c265daea1d383d40dd4e6d0f,,,,FASTQ,ITS,NEG_1,ALBRY,,base-genomics-amplicon-control,AGRF
NEG_1_ITS_AGRF_CGAGTTGTAGCG_A5P6W_S72_L001_I1.fastq.gz,,https://data.bioplatforms.com/dataset/bpa-base-genomics-amplicon-control-its-control-a5p6w/resource/f5407f2f88d061081052cc100d09c6f5/download/NEG_1_ITS_AGRF_CGAGTTGTAGCG_A5P6W_S72_L001_I1.fastq.gz,f5407f2f88d061081052cc100d09c6f5,fca45663e4752ea5338724352d8f9bc4680c16ebfa8806b1bcf9274bb8a0e9d0,2039,f5407f2f88d061081052cc100d09c6f5,f5407f2f88d061081052cc100d09c6f5,f5407f2f88d061081052cc100d09c6f5,,,,FASTQ,ITS,NEG_1,A5P6W,CGAGTTGTAGCG,base-genomics-amplicon-control,AGRF
NEG_1_ITS_AGRF_CGAGTTGTAGCG_A5P6W_S72_L001_R1.fastq.gz,,https://data.bioplatforms.com/dataset/bpa-base-genomics-amplicon-control-its-control-a5p6w/resource/f33a451e8cdce46f12bcde4f6c38c74a/download/NEG_1_ITS_AGRF_CGAGTTGTAGCG_A5P6W_S72_L001_R1.fastq.gz,f33a451e8cdce46f12bcde4f6c38c74a,8f34f0f249943093fe113a82b68293f1074b8e1cc5ad2876347721256ceb34e4,9975,f33a451e8cdce46f12bcde4f6c38c74a,f33a451e8cdce46f12bcde4f6c38c74a,f33a451e8cdce46f12bcde4f6c38c74a,,,,FASTQ,ITS,NEG_1,A5P6W,CGAGTTGTAGCG,base-genomics-amplicon-control,AGRF
NEG_1_ITS_AGRF_CGAGTTGTAGCG_A5P6W_S72_L001_R2.fastq.gz,,https://data.bioplatforms.com/dataset/bpa-base-genomics-amplicon-control-its-control-a5p6w/resource/c3066830d8e45a316d55ed537525b6c5/download/NEG_1_ITS_AGRF_CGAGTTGTAGCG_A5P6W_S72_L001_R2.fastq.gz,c3066830d8e45a316d55ed537525b6c5,cae70d4dbc8fb4af2398d63cf15ae3480d217b9d1c868961a41efc9e070908ca,10872,c3066830d8e45a316d55ed537525b6c5,c3066830d8e45a316d55ed537525b6c5,c3066830d8e45a316d55ed537525b6c5,,,,FASTQ,ITS,NEG_1,A5P6W,CGAGTTGTAGCG,base-genomics-amplicon-control,AGRF
NEG_1_ITS_AGRF_CGAGTTGTAGCG_A79NR_S72_L001_I1.fastq.gz,,https://data.bioplatforms.com/dataset/bpa-base-genomics-amplicon-control-its-control-a79nr/resource/6d4fe53cac75914bd9aa10f9fbde80a2/download/NEG_1_ITS_AGRF_CGAGTTGTAGCG_A79NR_S72_L001_I1.fastq.gz,6d4fe53cac75914bd9aa10f9fbde80a2,1207d2a703e38ce2e349db16bfd8c6135be4f40b3315714a7ee7b11dc44c6123,1605,6d4fe53cac75914bd9aa10f9fbde80a2,6d4fe53cac75914bd9aa10f9fbde80a2,6d4fe53cac75914bd9aa10f9fbde80a2,,,,FASTQ,ITS,NEG_1,A79NR,CGAGTTGTAGCG,base-genomics-amplicon-control,AGRF
NEG_1_ITS_AGRF_CGAGTTGTAGCG_A79NR_S72_L001_R1.fastq.gz,,https://data.bioplatforms.com/dataset/bpa-base-genomics-amplicon-control-its-control-a79nr/resource/a80ec398e8b69e8617e731c36081304c/download/NEG_1_ITS_AGRF_CGAGTTGTAGCG_A79NR_S72_L001_R1.fastq.gz,a80ec398e8b69e8617e731c36081304c,8d720fc4e268b0357afeab987f9a91a822d25dacd9e11b58606ce15aac676004,4877,a80ec398e8b69e8617e731c36081304c,a80ec398e8b69e8617e731c36081304c,a80ec398e8b69e8617e731c36081304c,,,,FASTQ,ITS,NEG_1,A79NR,CGAGTTGTAGCG,base-genomics-amplicon-control,AGRF
NEG_1_ITS_AGRF_CGAGTTGTAGCG_A79NR_S72_L001_R2.fastq.gz,,https://data.bioplatforms.com/dataset/bpa-base-genomics-amplicon-control-its-control-a79nr/resource/a655e8fa4ecf506bb6917f1d7876c3c9/download/NEG_1_ITS_AGRF_CGAGTTGTAGCG_A79NR_S72_L001_R2.fastq.gz,a655e8fa4ecf506bb6917f1d7876c3c9,2abbc0f25ff93a4c473f3e97966afff781c2b32a45584cbd0a34033bd12783e3,5471,a655e8fa4ecf506bb6917f1d7876c3c9,a655e8fa4ecf506bb6917f1d7876c3c9,a655e8fa4ecf506bb6917f1d7876c3c9,,,,FASTQ,ITS,NEG_1,A79NR,CGAGTTGTAGCG,base-genomics-amplicon-control,AGRF
NEG_1_ITS_AGRF_GAAGAAGCGGTA_A90G8_S1_L001_I1.fastq.gz,,https://data.bioplatforms.com/dataset/bpa-base-genomics-amplicon-control-its-control-a90g8/resource/a99ca69b669eb3f7195cefd56c1d2015/download/NEG_1_ITS_AGRF_GAAGAAGCGGTA_A90G8_S1_L001_I1.fastq.gz,a99ca69b669eb3f7195cefd56c1d2015,35b1f599fe9c3ba5f080494d5a2ff5a7e14493de0faf188f2ed33b3110d645af,2082,a99ca69b669eb3f7195cefd56c1d2015,a99ca69b669eb3f7195cefd56c1d2015,a99ca69b669eb3f7195cefd56c1d2015,,,,FASTQ,ITS,NEG_1,A90G8,GAAGAAGCGGTA,base-genomics-amplicon-control,AGRF
NEG_1_ITS_AGRF_GAAGAAGCGGTA_A90G8_S1_L001_R1.fastq.gz,,https://data.bioplatforms.com/dataset/bpa-base-genomics-amplicon-control-its-control-a90g8/resource/c3efa57bc6e6cfdb8ca3dee7181c0a85/download/NEG_1_ITS_AGRF_GAAGAAGCGGTA_A90G8_S1_L001_R1.fastq.gz,c3efa57bc6e6cfdb8ca3dee7181c0a85,2a44b92459176caacaf25776e8290f3f38c0073aa1d553964c3426e7beef2c9d,7752,c3efa57bc6e6cfdb8ca3dee7181c0a85,c3efa57bc6e6cfdb8ca3dee7181c0a85,c3efa57bc6e6cfdb8ca3dee7181c0a85,,,,FASTQ,ITS,NEG_1,A90G8,GAAGAAGCGGTA,base-genomics-amplicon-control,AGRF
NEG_1_ITS_AGRF_GAAGAAGCGGTA_A90G8_S1_L001_R2.fastq.gz,,https://data.bioplatforms.com/dataset/bpa-base-genomics-amplicon-control-its-control-a90g8/resource/67060611f6a1ddcd70519462bc36968b/download/NEG_1_ITS_AGRF_GAAGAAGCGGTA_A90G8_S1_L001_R2.fastq.gz,67060611f6a1ddcd70519462bc36968b,9f6c1b109d1d39dfb0d30e7d5d598e2189ce1c385cd7671ecb32e7befa90de78,9173,67060611f6a1ddcd70519462bc36968b,67060611f6a1ddcd70519462bc36968b,67060611f6a1ddcd70519462bc36968b,,,,FASTQ,ITS,NEG_1,A90G8,GAAGAAGCGGTA,base-genomics-amplicon-control,AGRF
Neg1_ITS_AGRF_B3C4H_TATGCACCAGTG_L001_R1.fastq.gz,,https://data.bioplatforms.com/dataset/bpa-base-genomics-amplicon-control-its-control-b3c4h/resource/89e92e0a1cedbe5e3987eca56a969823/download/Neg1_ITS_AGRF_B3C4H_TATGCACCAGTG_L001_R1.fastq.gz,89e92e0a1cedbe5e3987eca56a969823,2f40664774a9ecbdae5873303189ca72c50d19c763f292527e38326e1dcb0532,5793,89e92e0a1cedbe5e3987eca56a969823,89e92e0a1cedbe5e3987eca56a969823,89e92e0a1cedbe5e3987eca56a969823,,,,FASTQ,ITS,Neg1,B3C4H,,base-genomics-amplicon-control,AGRF
Neg1_ITS_AGRF_B3C4H_TATGCACCAGTG_L001_R2.fastq.gz,,https://data.bioplatforms.com/dataset/bpa-base-genomics-amplicon-control-its-control-b3c4h/resource/38fd5f1488536bebeb90fd238f5abed7/download/Neg1_ITS_AGRF_B3C4H_TATGCACCAGTG_L001_R2.fastq.gz,38fd5f1488536bebeb90fd238f5abed7,f2cd36f1bd6875781233175d8ab7a358f2166af30d619df782cf78b45ab53060,6017,38fd5f1488536bebeb90fd238f5abed7,38fd5f1488536bebeb90fd238f5abed7,38fd5f1488536bebeb90fd238f5abed7,,,,FASTQ,ITS,Neg1,B3C4H,,base-genomics-amplicon-control,AGRF
Neg2_ITS_AGRF_B3C4H_AGAGCCTACGTT_L001_R1.fastq.gz,,https://data.bioplatforms.com/dataset/bpa-base-genomics-amplicon-control-its-control-b3c4h/resource/8e00d4874d381a4ec8827f08c2dd0d13/download/Neg2_ITS_AGRF_B3C4H_AGAGCCTACGTT_L001_R1.fastq.gz,8e00d4874d381a4ec8827f08c2dd0d13,fb46da89e5f795b13898cd8cea5e105cd4ba704ab5a969c942b28bc26d548b83,2929,8e00d4874d381a4ec8827f08c2dd0d13,8e00d4874d381a4ec8827f08c2dd0d13,8e00d4874d381a4ec8827f08c2dd0d13,,,,FASTQ,ITS,Neg2,B3C4H,,base-genomics-amplicon-control,AGRF
Neg2_ITS_AGRF_B3C4H_AGAGCCTACGTT_L001_R2.fastq.gz,,https://data.bioplatforms.com/dataset/bpa-base-genomics-amplicon-control-its-control-b3c4h/resource/2a45929e6daadf79df71e29f5cb51568/download/Neg2_ITS_AGRF_B3C4H_AGAGCCTACGTT_L001_R2.fastq.gz,2a45929e6daadf79df71e29f5cb51568,cdf2522d752d7bfd3a9b8b9b5b3d022aec3f7ca75f710c5cd82273c55eedfacb,2979,2a45929e6daadf79df71e29f5cb51568,2a45929e6daadf79df71e29f5cb51568,2a45929e6daadf79df71e29f5cb51568,,,,FASTQ,ITS,Neg2,B3C4H,,base-genomics-amplicon-control,AGRF
Neg_ITS_AGRF_B39G7_AAGATGGATCAG_L001_R1.fastq.gz,,https://data.bioplatforms.com/dataset/bpa-base-genomics-amplicon-control-its-control-b39g7/resource/cc8a36af1bc39003a694381f7c2b8d6b/download/Neg_ITS_AGRF_B39G7_AAGATGGATCAG_L001_R1.fastq.gz,cc8a36af1bc39003a694381f7c2b8d6b,df7cb1912a70e67b4db1dd9246aed56123f50060afb1566a11dd0c2573e98fdb,9055,cc8a36af1bc39003a694381f7c2b8d6b,cc8a36af1bc39003a694381f7c2b8d6b,cc8a36af1bc39003a694381f7c2b8d6b,,,,FASTQ,ITS,Neg,B39G7,,base-genomics-amplicon-control,AGRF
Neg_ITS_AGRF_B39G7_AAGATGGATCAG_L001_R2.fastq.gz,,https://data.bioplatforms.com/dataset/bpa-base-genomics-amplicon-control-its-control-b39g7/resource/133dcc4428a0697a47d891eb2433f042/download/Neg_ITS_AGRF_B39G7_AAGATGGATCAG_L001_R2.fastq.gz,133dcc4428a0697a47d891eb2433f042,7afad88f49687908389c88a3c9ebae3b86b2f3b02581f171a82a120972919316,10264,133dcc4428a0697a47d891eb2433f042,133dcc4428a0697a47d891eb2433f042,133dcc4428a0697a47d891eb2433f042,,,,FASTQ,ITS,Neg,B39G7,,base-genomics-amplicon-control,AGRF
Neg_ITS_AGRF_B39G7_AGCCGGCACATA_L001_R1.fastq.gz,,https://data.bioplatforms.com/dataset/bpa-base-genomics-amplicon-control-its-control-b39g7/resource/aab3d8c8033516175393b4ccd3eb5054/download/Neg_ITS_AGRF_B39G7_AGCCGGCACATA_L001_R1.fastq.gz,aab3d8c8033516175393b4ccd3eb5054,fd0960a9ed0f45ccc105cd85d0b2f0dcc42c0c5a8a28da9fbf0e6124436722dc,66,aab3d8c8033516175393b4ccd3eb5054,aab3d8c8033516175393b4ccd3eb5054,aab3d8c8033516175393b4ccd3eb5054,,,,FASTQ,ITS,Neg,B39G7,,base-genomics-amplicon-control,AGRF
Neg_ITS_AGRF_B39G7_AGCCGGCACATA_L001_R2.fastq.gz,,https://data.bioplatforms.com/dataset/bpa-base-genomics-amplicon-control-its-control-b39g7/resource/a4b0408ca5a4463ebfee63542d321460/download/Neg_ITS_AGRF_B39G7_AGCCGGCACATA_L001_R2.fastq.gz,a4b0408ca5a4463ebfee63542d321460,dbfee399b49ccd6b2b8b57cc50c43258f7867e21c7b7170bddc7387af9ea24c5,66,a4b0408ca5a4463ebfee63542d321460,a4b0408ca5a4463ebfee63542d321460,a4b0408ca5a4463ebfee63542d321460,,,,FASTQ,ITS,Neg,B39G7,,base-genomics-amplicon-control,AGRF
Soil-DNA_ITS_AGRF_ACACTAGATCCG_AN5TK_AN5TK_ACACTAGATCCG_L001_R1.fastq.gz,,https://data.bioplatforms.com/dataset/bpa-base-genomics-amplicon-control-its-control-an5tk/resource/4c25b1e91c6a7264957a88d4c74518b5/download/Soil-DNA_ITS_AGRF_ACACTAGATCCG_AN5TK_AN5TK_ACACTAGATCCG_L001_R1.fastq.gz,4c25b1e91c6a7264957a88d4c74518b5,1b479183fc9a243d1d101410e824aff3edd777fb31178ca4a9d978930e573816,13296866,e0a8ba9c6eb5ad7015830f9da745e37c-2,4c25b1e91c6a7264957a88d4c74518b5,4c25b1e91c6a7264957a88d4c74518b5,,,,FASTQ,ITS,Soil-DNA,AN5TK,ACACTAGATCCG,base-genomics-amplicon-control,AGRF
Soil-DNA_ITS_AGRF_ACACTAGATCCG_AN5TK_AN5TK_ACACTAGATCCG_L001_R2.fastq.gz,,https://data.bioplatforms.com/dataset/bpa-base-genomics-amplicon-control-its-control-an5tk/resource/5f0ca3f82a97a0ee3aadf1d7b8dbe4b6/download/Soil-DNA_ITS_AGRF_ACACTAGATCCG_AN5TK_AN5TK_ACACTAGATCCG_L001_R2.fastq.gz,5f0ca3f82a97a0ee3aadf1d7b8dbe4b6,a8a18881316040c52ad976a271dacfb178cddacdaca2ba62a71612d4dfdd7de8,18028348,64f4afdda45439b01ffa5ec4a85e0db4-3,fb45c5ac3464998bfcdc12be3cde0993-2,5f0ca3f82a97a0ee3aadf1d7b8dbe4b6,,,,FASTQ,ITS,Soil-DNA,AN5TK,ACACTAGATCCG,base-genomics-amplicon-control,AGRF
Soil-DNA_ITS_AGRF_ALBRY_ACACTAGATCCG_L001_R1.fastq.gz,,https://data.bioplatforms.com/dataset/bpa-base-genomics-amplicon-control-its-control-albry/resource/5c611bb486532f13b8dab3da63c6c7d5/download/Soil-DNA_ITS_AGRF_ALBRY_ACACTAGATCCG_L001_R1.fastq.gz,5c611bb486532f13b8dab3da63c6c7d5,bfa4797b5ed2499240f33595e8dee47878728f1d9e9149965fed2216654e03b6,30259810,bf2b09964d1672e3a6b39949bb48fb7e-4,c54d76b8b7598946ea09a6ef7d739821-2,5c611bb486532f13b8dab3da63c6c7d5,,,,FASTQ,ITS,Soil-DNA,ALBRY,,base-genomics-amplicon-control,AGRF
Soil-DNA_ITS_AGRF_ALBRY_ACACTAGATCCG_L001_R2.fastq.gz,,https://data.bioplatforms.com/dataset/bpa-base-genomics-amplicon-control-its-control-albry/resource/5ba904cb82568bc6ecd6bdd0ec6dcbcf/download/Soil-DNA_ITS_AGRF_ALBRY_ACACTAGATCCG_L001_R2.fastq.gz,5ba904cb82568bc6ecd6bdd0ec6dcbcf,b23278b473538260d2f7c34a14ee9f2e14b417a7fe4ecfeab63d271d4c78eb4e,33695468,44bcc596042badb47dcb587c5986acce-5,50fb3261aab465a3af1f4a4df6587f16-3,ab759ed65e6f1484d44fe2a1e2ca15c5-2,,,,FASTQ,ITS,Soil-DNA,ALBRY,,base-genomics-amplicon-control,AGRF
Soil_DNA_ITS_AGRF_AACCGCGGTCAA_A5P6W_S84_L001_I1.fastq.gz,,https://data.bioplatforms.com/dataset/bpa-base-genomics-amplicon-control-its-control-a5p6w/resource/2309f6c8646882d49895fec58724e01d/download/Soil_DNA_ITS_AGRF_AACCGCGGTCAA_A5P6W_S84_L001_I1.fastq.gz,2309f6c8646882d49895fec58724e01d,3e45303537dc3812a470176f0982546c0a26fd114b64ec5e7690b88cd4592ab6,899811,2309f6c8646882d49895fec58724e01d,2309f6c8646882d49895fec58724e01d,2309f6c8646882d49895fec58724e01d,,,,FASTQ,ITS,Soil_DNA,A5P6W,AACCGCGGTCAA,base-genomics-amplicon-control,AGRF
Soil_DNA_ITS_AGRF_AACCGCGGTCAA_A5P6W_S84_L001_R1.fastq.gz,,https://data.bioplatforms.com/dataset/bpa-base-genomics-amplicon-control-its-control-a5p6w/resource/a20e3dae0b4fe3045601ee022b894a89/download/Soil_DNA_ITS_AGRF_AACCGCGGTCAA_A5P6W_S84_L001_R1.fastq.gz,a20e3dae0b4fe3045601ee022b894a89,b5477ae2534590568e5bed60803fe2ba8c8c37b596ebf4a3a0cfc156486ba631,18321333,06fb71df2a529bfb7e1375a1b00ca736-3,4d286cbd4de486dec66f6c6d82c44b37-2,a20e3dae0b4fe3045601ee022b894a89,,,,FASTQ,ITS,Soil_DNA,A5P6W,AACCGCGGTCAA,base-genomics-amplicon-control,AGRF
Soil_DNA_ITS_AGRF_AACCGCGGTCAA_A5P6W_S84_L001_R2.fastq.gz,,https://data.bioplatforms.com/dataset/bpa-base-genomics-amplicon-control-its-control-a5p6w/resource/eedbb60295565246cc259c8e93bf97dd/download/Soil_DNA_ITS_AGRF_AACCGCGGTCAA_A5P6W_S84_L001_R2.fastq.gz,eedbb60295565246cc259c8e93bf97dd,45e5683f48e653a983a5da298f4293b435fce1ff438128470887ae2083efceb4,21623013,d03d47d9403703000e9b8ea0eceab038-3,13c681e4a73d100b127532790abfd124-2,eedbb60295565246cc259c8e93bf97dd,,,,FASTQ,ITS,Soil_DNA,A5P6W,AACCGCGGTCAA,base-genomics-amplicon-control,AGRF
Soil_DNA_ITS_AGRF_AACCGCGGTCAA_A79NR_S84_L001_I1.fastq.gz,,https://data.bioplatforms.com/dataset/bpa-base-genomics-amplicon-control-its-control-a79nr/resource/0fb478f786662753123c888718350331/download/Soil_DNA_ITS_AGRF_AACCGCGGTCAA_A79NR_S84_L001_I1.fastq.gz,0fb478f786662753123c888718350331,85539a451398dcbdb69b3466a4c9a0d3dc815230023c03c9d2c66ff3458f8b3c,364876,0fb478f786662753123c888718350331,0fb478f786662753123c888718350331,0fb478f786662753123c888718350331,,,,FASTQ,ITS,Soil_DNA,A79NR,AACCGCGGTCAA,base-genomics-amplicon-control,AGRF
Soil_DNA_ITS_AGRF_AACCGCGGTCAA_A79NR_S84_L001_R1.fastq.gz,,https://data.bioplatforms.com/dataset/bpa-base-genomics-amplicon-control-its-control-a79nr/resource/bae285896d69fc8af885cdf63a507807/download/Soil_DNA_ITS_AGRF_AACCGCGGTCAA_A79NR_S84_L001_R1.fastq.gz,bae285896d69fc8af885cdf63a507807,066c3ac024bb54a12ccda38a51e45bd9a0ffee3f9c9ac3bd8ca2520fda2f397e,5399636,bae285896d69fc8af885cdf63a507807,bae285896d69fc8af885cdf63a507807,bae285896d69fc8af885cdf63a507807,,,,FASTQ,ITS,Soil_DNA,A79NR,AACCGCGGTCAA,base-genomics-amplicon-control,AGRF
Soil_DNA_ITS_AGRF_AACCGCGGTCAA_A79NR_S84_L001_R2.fastq.gz,,https://data.bioplatforms.com/dataset/bpa-base-genomics-amplicon-control-its-control-a79nr/resource/6a2b414bb4f51ecb2256374b7644b488/download/Soil_DNA_ITS_AGRF_AACCGCGGTCAA_A79NR_S84_L001_R2.fastq.gz,6a2b414bb4f51ecb2256374b7644b488,f62d2f15c13f9cc20882aba815a2099ade9587c8c5efae66dd84300734d2acc3,7105218,6a2b414bb4f51ecb2256374b7644b488,6a2b414bb4f51ecb2256374b7644b488,6a2b414bb4f51ecb2256374b7644b488,,,,FASTQ,ITS,Soil_DNA,A79NR,AACCGCGGTCAA,base-genomics-amplicon-control,AGRF
Soil_DNA_ITS_AGRF_AACGAGAACTGA_ANVM7_ANVM7_AACGAGAACTGA_L001_R1.fastq.gz,,https://data.bioplatforms.com/dataset/bpa-base-genomics-amplicon-control-its-control-anvm7/resource/93386ea4078ee2824fc67226cfa458f2/download/Soil_DNA_ITS_AGRF_AACGAGAACTGA_ANVM7_ANVM7_AACGAGAACTGA_L001_R1.fastq.gz,93386ea4078ee2824fc67226cfa458f2,0c30e8f5bcedd0f9c5939f85ab24d0d576de6c3ec3401317ca1011e9f2919208,97656774,f05eb7af4f96c7890fdbb22f6c3ca2db-12,01225409dc436aff8d682cd3e6848c0e-6,57031c85cfea11c562a1f1a4a681370e-3,,,,FASTQ,ITS,Soil_DNA,ANVM7,AACGAGAACTGA,base-genomics-amplicon-control,AGRF
Soil_DNA_ITS_AGRF_AACGAGAACTGA_ANVM7_ANVM7_AACGAGAACTGA_L001_R2.fastq.gz,,https://data.bioplatforms.com/dataset/bpa-base-genomics-amplicon-control-its-control-anvm7/resource/61471a636e6c44425429088149a6acac/download/Soil_DNA_ITS_AGRF_AACGAGAACTGA_ANVM7_ANVM7_AACGAGAACTGA_L001_R2.fastq.gz,61471a636e6c44425429088149a6acac,93505841e6c6a3a3e80cdbb101f9c4dd690844acafe08a0154de52af14a94499,136106836,e356a1e753f92e6911a72a20d0c834ac-17,a2f080f5672bb81d45187d0c716ee060-9,5af7f1aabc16f150f418e02fcbaac57f-5,,,,FASTQ,ITS,Soil_DNA,ANVM7,AACGAGAACTGA,base-genomics-amplicon-control,AGRF
Soil_DNA_ITS_AGRF_B39FT_ACGATGCGACCA_L001_R1.fastq.gz,,https://data.bioplatforms.com/dataset/bpa-base-genomics-amplicon-control-its-control-b39ft/resource/5ccba5ed9b739dfac1e1a365d6513efa/download/Soil_DNA_ITS_AGRF_B39FT_ACGATGCGACCA_L001_R1.fastq.gz,5ccba5ed9b739dfac1e1a365d6513efa,7e9abf09ff745e7cc1b2dc3a963048cf3f2c26c0a7dbbf43c57653bc4756fb83,4164711,5ccba5ed9b739dfac1e1a365d6513efa,5ccba5ed9b739dfac1e1a365d6513efa,5ccba5ed9b739dfac1e1a365d6513efa,,,,FASTQ,ITS,Soil_DNA,B39FT,,base-genomics-amplicon-control,AGRF
Soil_DNA_ITS_AGRF_B39FT_ACGATGCGACCA_L001_R2.fastq.gz,,https://data.bioplatforms.com/dataset/bpa-base-genomics-amplicon-control-its-control-b39ft/resource/f86970f4bf78a0f29484f52d5bbd8154/download/Soil_DNA_ITS_AGRF_B39FT_ACGATGCGACCA_L001_R2.fastq.gz,f86970f4bf78a0f29484f52d5bbd8154,a564e7998be4937a924b7bc326627a8c32724d649f2b41afefe6c9ec500623e4,5557834,f86970f4bf78a0f29484f52d5bbd8154,f86970f4bf78a0f29484f52d5bbd8154,f86970f4bf78a0f29484f52d5bbd8154,,,,FASTQ,ITS,Soil_DNA,B39FT,,base-genomics-amplicon-control,AGRF
Soil_DNA_ITS_AGRF_B39G7_GACTCGAATCGT_L001_R1.fastq.gz,,https://data.bioplatforms.com/dataset/bpa-base-genomics-amplicon-control-its-control-b39g7/resource/bcdaa0bf9f2d3795f6aaed006865fe6f/download/Soil_DNA_ITS_AGRF_B39G7_GACTCGAATCGT_L001_R1.fastq.gz,bcdaa0bf9f2d3795f6aaed006865fe6f,ff3680ebfc37e52675676d660fefed6e3cdf0331f83d04e374fb691abebaa49f,6498717,bcdaa0bf9f2d3795f6aaed006865fe6f,bcdaa0bf9f2d3795f6aaed006865fe6f,bcdaa0bf9f2d3795f6aaed006865fe6f,,,,FASTQ,ITS,Soil_DNA,B39G7,,base-genomics-amplicon-control,AGRF
Soil_DNA_ITS_AGRF_B39G7_GACTCGAATCGT_L001_R2.fastq.gz,,https://data.bioplatforms.com/dataset/bpa-base-genomics-amplicon-control-its-control-b39g7/resource/daea85367599a361ba9be0d019867671/download/Soil_DNA_ITS_AGRF_B39G7_GACTCGAATCGT_L001_R2.fastq.gz,daea85367599a361ba9be0d019867671,e89731d0d6bcba1a46ee035ab79d46fcbc1d92130481ed55374d7a89f7d1d0c4,8316625,daea85367599a361ba9be0d019867671,daea85367599a361ba9be0d019867671,daea85367599a361ba9be0d019867671,,,,FASTQ,ITS,Soil_DNA,B39G7,,base-genomics-amplicon-control,AGRF
Soil_DNA_ITS_AGRF_B3C4H_TACTAATCTGCG_L001_R1.fastq.gz,,https://data.bioplatforms.com/dataset/bpa-base-genomics-amplicon-control-its-control-b3c4h/resource/ed93275d9bd4c31eab0acbf656f69192/download/Soil_DNA_ITS_AGRF_B3C4H_TACTAATCTGCG_L001_R1.fastq.gz,ed93275d9bd4c31eab0acbf656f69192,ff57c16ea3e3a2c7645586129008cda6e8cea54b48459206e43da08eac65e08d,7610016,ed93275d9bd4c31eab0acbf656f69192,ed93275d9bd4c31eab0acbf656f69192,ed93275d9bd4c31eab0acbf656f69192,,,,FASTQ,ITS,Soil_DNA,B3C4H,,base-genomics-amplicon-control,AGRF
Soil_DNA_ITS_AGRF_B3C4H_TACTAATCTGCG_L001_R2.fastq.gz,,https://data.bioplatforms.com/dataset/bpa-base-genomics-amplicon-control-its-control-b3c4h/resource/2455aaf870f5275500bbc4169a1694be/download/Soil_DNA_ITS_AGRF_B3C4H_TACTAATCTGCG_L001_R2.fastq.gz,2455aaf870f5275500bbc4169a1694be,0984ea543162900dd99359f9843ab19b7bd51179adc2053d001595f0334d7c3c,8967556,d2d7ef0a209e997eea28b6ea47b05c52-2,2455aaf870f5275500bbc4169a1694be,2455aaf870f5275500bbc4169a1694be,,,,FASTQ,ITS,Soil_DNA,B3C4H,,base-genomics-amplicon-control,AGRF
Soil_DNA_ITS_AGRF_CCAAGTCTTACA_AAVYC_S94_L001_I1.fastq.gz,,https://data.bioplatforms.com/dataset/bpa-base-genomics-amplicon-control-its-control-aavyc/resource/6138b755e7a7c03d9e3044c29b62a9b7/download/Soil_DNA_ITS_AGRF_CCAAGTCTTACA_AAVYC_S94_L001_I1.fastq.gz,6138b755e7a7c03d9e3044c29b62a9b7,751670b1547ab8ac16100e64b6882d3fe22fdb8744f723f37f5c8f6aa0a09431,3009713,6138b755e7a7c03d9e3044c29b62a9b7,6138b755e7a7c03d9e3044c29b62a9b7,6138b755e7a7c03d9e3044c29b62a9b7,,,,FASTQ,ITS,Soil_DNA,AAVYC,CCAAGTCTTACA,base-genomics-amplicon-control,AGRF
Soil_DNA_ITS_AGRF_CCAAGTCTTACA_AAVYC_S94_L001_R1.fastq.gz,,https://data.bioplatforms.com/dataset/bpa-base-genomics-amplicon-control-its-control-aavyc/resource/fa73c8b34ca0d13626320fe4eae87ba0/download/Soil_DNA_ITS_AGRF_CCAAGTCTTACA_AAVYC_S94_L001_R1.fastq.gz,fa73c8b34ca0d13626320fe4eae87ba0,7550b7483d37dde00a5ddb84f45d731eb27a579ac61809fd57cdbd97a055eadb,58147814,75568dc74beb0cd62d91995ba9c626f0-7,8f2ffab33443896037a4be89c480a7e0-4,21a759bb427f3c095a0206c931dd1511-2,,,,FASTQ,ITS,Soil_DNA,AAVYC,CCAAGTCTTACA,base-genomics-amplicon-control,AGRF
Soil_DNA_ITS_AGRF_CCAAGTCTTACA_AAVYC_S94_L001_R2.fastq.gz,,https://data.bioplatforms.com/dataset/bpa-base-genomics-amplicon-control-its-control-aavyc/resource/4aa8cd2db2d20d1a82628259e6bd9f6a/download/Soil_DNA_ITS_AGRF_CCAAGTCTTACA_AAVYC_S94_L001_R2.fastq.gz,4aa8cd2db2d20d1a82628259e6bd9f6a,185526a619c6e2fcaf0710ca5fc4c804709455fc41d89f5282ef5cb37583f5b9,65606668,4817c34dba6390787dca0725f4c5fa12-8,4246646d0514ce4dcbe7f4963efa28e7-4,d1d3a9b33694f38e51f893ef09c68ab3-2,,,,FASTQ,ITS,Soil_DNA,AAVYC,CCAAGTCTTACA,base-genomics-amplicon-control,AGRF
Soil_DNA_ITS_AGRF_CCATACATAGCT_A90G8_S56_L001_I1.fastq.gz,,https://data.bioplatforms.com/dataset/bpa-base-genomics-amplicon-control-its-control-a90g8/resource/b4c2cc879a3c21fd366811db48247337/download/Soil_DNA_ITS_AGRF_CCATACATAGCT_A90G8_S56_L001_I1.fastq.gz,b4c2cc879a3c21fd366811db48247337,e52e0e485458505314d698c8bc580663e914560316acc1c82296cba6a0db4db9,593775,b4c2cc879a3c21fd366811db48247337,b4c2cc879a3c21fd366811db48247337,b4c2cc879a3c21fd366811db48247337,,,,FASTQ,ITS,Soil_DNA,A90G8,CCATACATAGCT,base-genomics-amplicon-control,AGRF
Soil_DNA_ITS_AGRF_CCATACATAGCT_A90G8_S56_L001_R1.fastq.gz,,https://data.bioplatforms.com/dataset/bpa-base-genomics-amplicon-control-its-control-a90g8/resource/17f70b74402d2fda4aec247afe0435e6/download/Soil_DNA_ITS_AGRF_CCATACATAGCT_A90G8_S56_L001_R1.fastq.gz,17f70b74402d2fda4aec247afe0435e6,87917b12eeda926d625f4393b21dd74d66bfba0afd9f4953941351ba0d3fdaa8,8870260,b7a1c43e620b10b4255d3ca93b77669a-2,17f70b74402d2fda4aec247afe0435e6,17f70b74402d2fda4aec247afe0435e6,,,,FASTQ,ITS,Soil_DNA,A90G8,CCATACATAGCT,base-genomics-amplicon-control,AGRF
Soil_DNA_ITS_AGRF_CCATACATAGCT_A90G8_S56_L001_R2.fastq.gz,,https://data.bioplatforms.com/dataset/bpa-base-genomics-amplicon-control-its-control-a90g8/resource/c90a57b99bf348e8951237f0178b8ceb/download/Soil_DNA_ITS_AGRF_CCATACATAGCT_A90G8_S56_L001_R2.fastq.gz,c90a57b99bf348e8951237f0178b8ceb,ada92e8fa4ebb3678f578902334e7ed564fb35ed086f3a0278ebf55e334f2f65,11732549,1209c50fdfb16e225fef345525a21b6e-2,c90a57b99bf348e8951237f0178b8ceb,c90a57b99bf348e8951237f0178b8ceb,,,,FASTQ,ITS,Soil_DNA,A90G8,CCATACATAGCT,base-genomics-amplicon-control,AGRF
Soil_DNA_ITS_UNSW_AACCGCGGTCAA_AC988_S84_L001_I1.fastq.gz,,https://data.bioplatforms.com/dataset/bpa-base-genomics-amplicon-control-its-control-ac988/resource/4fa9cca4bea0456858ac2dad5b0c140b/download/Soil_DNA_ITS_UNSW_AACCGCGGTCAA_AC988_S84_L001_I1.fastq.gz,4fa9cca4bea0456858ac2dad5b0c140b,33fdf48e31ced3d7ecd69ccbb96b8bb6a5725eb73089875cdcf8838bf6a54a69,1920989,4fa9cca4bea0456858ac2dad5b0c140b,4fa9cca4bea0456858ac2dad5b0c140b,4fa9cca4bea0456858ac2dad5b0c140b,,,,FASTQ,ITS,Soil_DNA,AC988,AACCGCGGTCAA,base-genomics-amplicon-control,UNSW
Soil_DNA_ITS_UNSW_AACCGCGGTCAA_AC988_S84_L001_R1.fastq.gz,,https://data.bioplatforms.com/dataset/bpa-base-genomics-amplicon-control-its-control-ac988/resource/ca968631df60101614440e94b355bd6e/download/Soil_DNA_ITS_UNSW_AACCGCGGTCAA_AC988_S84_L001_R1.fastq.gz,ca968631df60101614440e94b355bd6e,3bd629af27f2833183b729225e80ac0d07bce53b70846ab3eaac50b072dd69af,38037054,0de4f0013bcb14e1e854e7a6ff2db724-5,e03f9dfe24a4f6eae6cf78ce1a4b3365-3,6f78144b5f668eff86c0065bad82ae51-2,,,,FASTQ,ITS,Soil_DNA,AC988,AACCGCGGTCAA,base-genomics-amplicon-control,UNSW
Soil_DNA_ITS_UNSW_AACCGCGGTCAA_AC988_S84_L001_R2.fastq.gz,,https://data.bioplatforms.com/dataset/bpa-base-genomics-amplicon-control-its-control-ac988/resource/11cf16bb7a0b11824da1459aab6b81c1/download/Soil_DNA_ITS_UNSW_AACCGCGGTCAA_AC988_S84_L001_R2.fastq.gz,11cf16bb7a0b11824da1459aab6b81c1,7ef4c878cd45dc8d69fe77bec8ab7e9c26d32ece5d93c63ac21a39fa02d21c46,46975776,c6f174a99e54551514636972527e7e02-6,0de1280ebda2e9f83f79105995fdc016-3,7b0987a21ef50eaf62b644712a9cf2c5-2,,,,FASTQ,ITS,Soil_DNA,AC988,AACCGCGGTCAA,base-genomics-amplicon-control,UNSW
Soil_DNA_ITS_UNSW_CCAAGTCTTACA_AADNU_S94_L001_I1.fastq.gz,,https://data.bioplatforms.com/dataset/bpa-base-genomics-amplicon-control-its-control-aadnu/resource/31244afc50512cbfaaad74107c3d8352/download/Soil_DNA_ITS_UNSW_CCAAGTCTTACA_AADNU_S94_L001_I1.fastq.gz,31244afc50512cbfaaad74107c3d8352,9c748777adde767b786e3074097697ae08c78f7e25e5f0bfba4ffd6e5cb8f39f,1816985,31244afc50512cbfaaad74107c3d8352,31244afc50512cbfaaad74107c3d8352,31244afc50512cbfaaad74107c3d8352,,,,FASTQ,ITS,Soil_DNA,AADNU,CCAAGTCTTACA,base-genomics-amplicon-control,UNSW
Soil_DNA_ITS_UNSW_CCAAGTCTTACA_AADNU_S94_L001_R1.fastq.gz,,https://data.bioplatforms.com/dataset/bpa-base-genomics-amplicon-control-its-control-aadnu/resource/193ded86c9795c1c09c7f416b1769663/download/Soil_DNA_ITS_UNSW_CCAAGTCTTACA_AADNU_S94_L001_R1.fastq.gz,193ded86c9795c1c09c7f416b1769663,27e6d88b4079df4d8b68e95dede996495256d3cf3296237e611fd6f37e292fab,36378805,55a1f7d305f06e9e51b8ed61c1fbf4dc-5,1eb47ddbad862e4d77be8b393a78828e-3,10b90ae60f0f5fb0d6aea76413d351fc-2,,,,FASTQ,ITS,Soil_DNA,AADNU,CCAAGTCTTACA,base-genomics-amplicon-control,UNSW
Soil_DNA_ITS_UNSW_CCAAGTCTTACA_AADNU_S94_L001_R2.fastq.gz,,https://data.bioplatforms.com/dataset/bpa-base-genomics-amplicon-control-its-control-aadnu/resource/60e10386e05572d1efc060ae75a79e87/download/Soil_DNA_ITS_UNSW_CCAAGTCTTACA_AADNU_S94_L001_R2.fastq.gz,60e10386e05572d1efc060ae75a79e87,1c3b043ebfd02526297e5779a6fb779005755b99c00c693e4a48a50ca6be0605,41473878,81037c9a9ebc709551c2c64163ffd42d-5,c9816f2c6a9360535ef96d331b193e9d-3,cc0312a7076f455037a4f97895522b88-2,,,,FASTQ,ITS,Soil_DNA,AADNU,CCAAGTCTTACA,base-genomics-amplicon-control,UNSW
Soil_DNA_ITS_UNSW_CCAAGTCTTACA_AAUF6_S70_L001_I1.fastq.gz,,https://data.bioplatforms.com/dataset/bpa-base-genomics-amplicon-control-its-control-aauf6/resource/0dd20db6e600743c64a238f3ddb6f8dd/download/Soil_DNA_ITS_UNSW_CCAAGTCTTACA_AAUF6_S70_L001_I1.fastq.gz,0dd20db6e600743c64a238f3ddb6f8dd,0bf6cfd7e11777d0494d6770c8164ef2b23a0d3feca256c4fc977174a252386a,2508588,0dd20db6e600743c64a238f3ddb6f8dd,0dd20db6e600743c64a238f3ddb6f8dd,0dd20db6e600743c64a238f3ddb6f8dd,,,,FASTQ,ITS,Soil_DNA,AAUF6,CCAAGTCTTACA,base-genomics-amplicon-control,UNSW
Soil_DNA_ITS_UNSW_CCAAGTCTTACA_AAUF6_S70_L001_R1.fastq.gz,,https://data.bioplatforms.com/dataset/bpa-base-genomics-amplicon-control-its-control-aauf6/resource/1e16368f5241c4c637b72a800a9598e1/download/Soil_DNA_ITS_UNSW_CCAAGTCTTACA_AAUF6_S70_L001_R1.fastq.gz,1e16368f5241c4c637b72a800a9598e1,f29c6d6a31b71a59d9d9564c03b55c7f9e63f4614ac90541c3c250034d98aa06,52180171,b9365e8e8f6e447eef4d04105e0d26d7-7,ddd5157a953b97df983afe35af45695f-4,9fe4cd8333a18992e186bb23924253c7-2,,,,FASTQ,ITS,Soil_DNA,AAUF6,CCAAGTCTTACA,base-genomics-amplicon-control,UNSW
Soil_DNA_ITS_UNSW_CCAAGTCTTACA_AAUF6_S70_L001_R2.fastq.gz,,https://data.bioplatforms.com/dataset/bpa-base-genomics-amplicon-control-its-control-aauf6/resource/4034dfecafae7e92a6b0ebcf279397ea/download/Soil_DNA_ITS_UNSW_CCAAGTCTTACA_AAUF6_S70_L001_R2.fastq.gz,4034dfecafae7e92a6b0ebcf279397ea,c3982ed972c63957830a00f7b6046c48011ef3fc0be4165bf4258be236d322dc,63930206,75b905499d63b222e4fe73fddfb75f8f-8,66c7bc8ad6a5bf62727069f4452c3160-4,8a4ab26dd9ae1da450d9de94578c4ded-2,,,,FASTQ,ITS,Soil_DNA,AAUF6,CCAAGTCTTACA,base-genomics-amplicon-control,UNSW
Soil_DNA_ITS_UNSW_CGAGTTGTAGCG_A64HK_S70_L001_I1.fastq.gz,,https://data.bioplatforms.com/dataset/bpa-base-genomics-amplicon-control-its-control-a64hk/resource/7d8f7494afd53ac55f1ee96042589782/download/Soil_DNA_ITS_UNSW_CGAGTTGTAGCG_A64HK_S70_L001_I1.fastq.gz,7d8f7494afd53ac55f1ee96042589782,da1a84c0ac37e41aabde38af80c4ec9c3fe26a91582a4f6553f652f38a453c9d,3037228,7d8f7494afd53ac55f1ee96042589782,7d8f7494afd53ac55f1ee96042589782,7d8f7494afd53ac55f1ee96042589782,,,,FASTQ,ITS,Soil_DNA,A64HK,CGAGTTGTAGCG,base-genomics-amplicon-control,UNSW
Soil_DNA_ITS_UNSW_CGAGTTGTAGCG_A64HK_S70_L001_R1.fastq.gz,,https://data.bioplatforms.com/dataset/bpa-base-genomics-amplicon-control-its-control-a64hk/resource/551c30a9903715a073592f1e8c6d6d99/download/Soil_DNA_ITS_UNSW_CGAGTTGTAGCG_A64HK_S70_L001_R1.fastq.gz,551c30a9903715a073592f1e8c6d6d99,96f4dabc08a7c9ec36e0e5b3ca76ac5d07d45ab612e7dd1cc111369963f49766,49483594,249775ef814798efaf5bcc58e58843b0-6,643f621b6f98ea07d0ed4862c50b2dc7-3,4dacfb837321a11620dc29327ab074bb-2,,,,FASTQ,ITS,Soil_DNA,A64HK,CGAGTTGTAGCG,base-genomics-amplicon-control,UNSW
Soil_DNA_ITS_UNSW_CGAGTTGTAGCG_A64HK_S70_L001_R2.fastq.gz,,https://data.bioplatforms.com/dataset/bpa-base-genomics-amplicon-control-its-control-a64hk/resource/fd2d114ad4f1ed7edde8180b59a34d13/download/Soil_DNA_ITS_UNSW_CGAGTTGTAGCG_A64HK_S70_L001_R2.fastq.gz,fd2d114ad4f1ed7edde8180b59a34d13,00ac0ca41799cdbf1fa874ec12bac00730cacc31e4045feac01b54fa4f81d9bf,60224236,f0180ceaee9b0e6245bee482a8413d45-8,95fd9a403af66556c8fbf5017be11925-4,6355c1d40721c34a726b3aa26db8ef69-2,,,,FASTQ,ITS,Soil_DNA,A64HK,CGAGTTGTAGCG,base-genomics-amplicon-control,UNSW
Soil_DNA_ITS_UNSW_CGAGTTGTAGCG_A64JH_S64_L001_I1.fastq.gz,,https://data.bioplatforms.com/dataset/bpa-base-genomics-amplicon-control-its-control-a64jh/resource/4478844914a01583da7caa97a096a637/download/Soil_DNA_ITS_UNSW_CGAGTTGTAGCG_A64JH_S64_L001_I1.fastq.gz,4478844914a01583da7caa97a096a637,6ff76b44de93d2a4460ae80ab917970af1fe2672d07ba45238a73712f3c0c393,876800,4478844914a01583da7caa97a096a637,4478844914a01583da7caa97a096a637,4478844914a01583da7caa97a096a637,,,,FASTQ,ITS,Soil_DNA,A64JH,CGAGTTGTAGCG,base-genomics-amplicon-control,UNSW
Soil_DNA_ITS_UNSW_CGAGTTGTAGCG_A64JH_S64_L001_R1.fastq.gz,,https://data.bioplatforms.com/dataset/bpa-base-genomics-amplicon-control-its-control-a64jh/resource/c76bcdb9482f16e3bc69f04852d17aed/download/Soil_DNA_ITS_UNSW_CGAGTTGTAGCG_A64JH_S64_L001_R1.fastq.gz,c76bcdb9482f16e3bc69f04852d17aed,b21bc6f79bfb36d70315fc0023ab2c6bc3db2465b9b3fb54224203847fbe8484,16736139,2c156a13706f6503b36a892b8ab46489-2,c76bcdb9482f16e3bc69f04852d17aed,c76bcdb9482f16e3bc69f04852d17aed,,,,FASTQ,ITS,Soil_DNA,A64JH,CGAGTTGTAGCG,base-genomics-amplicon-control,UNSW
Soil_DNA_ITS_UNSW_CGAGTTGTAGCG_A64JH_S64_L001_R2.fastq.gz,,https://data.bioplatforms.com/dataset/bpa-base-genomics-amplicon-control-its-control-a64jh/resource/8cb4f52aff8aafabcd5266df3d665452/download/Soil_DNA_ITS_UNSW_CGAGTTGTAGCG_A64JH_S64_L001_R2.fastq.gz,8cb4f52aff8aafabcd5266df3d665452,84f5abf1fb6e69d22819555f87d5844427c1a5b58645f23e3b098041d527a7ec,20603584,96ec1c682700f8075400ccef53daa4b5-3,0c187649b3caa9b75a328980a675fbef-2,8cb4f52aff8aafabcd5266df3d665452,,,,FASTQ,ITS,Soil_DNA,A64JH,CGAGTTGTAGCG,base-genomics-amplicon-control,UNSW
Soil_DNA_ITS_UNSW_CGAGTTGTAGCG_A64JJ_S72_L001_I1.fastq.gz,,https://data.bioplatforms.com/dataset/bpa-base-genomics-amplicon-control-its-control-a64jj/resource/1d17feebb70346c4c385002769f0c265/download/Soil_DNA_ITS_UNSW_CGAGTTGTAGCG_A64JJ_S72_L001_I1.fastq.gz,1d17feebb70346c4c385002769f0c265,655b300eba7b28c7f7892e2262697cd8ce0e2df939db1bbc62bffd516a16bb14,2221047,1d17feebb70346c4c385002769f0c265,1d17feebb70346c4c385002769f0c265,1d17feebb70346c4c385002769f0c265,,,,FASTQ,ITS,Soil_DNA,A64JJ,CGAGTTGTAGCG,base-genomics-amplicon-control,UNSW
Soil_DNA_ITS_UNSW_CGAGTTGTAGCG_A64JJ_S72_L001_R1.fastq.gz,,https://data.bioplatforms.com/dataset/bpa-base-genomics-amplicon-control-its-control-a64jj/resource/c1dc2b2f14229db05fac56136eacea8a/download/Soil_DNA_ITS_UNSW_CGAGTTGTAGCG_A64JJ_S72_L001_R1.fastq.gz,c1dc2b2f14229db05fac56136eacea8a,f33be39821f4828bb56e7747c89574b8956f279137f92cdcba5ddd7d655794b3,34073281,768e7e1d4b11b127256eaeacda7332ca-5,c8d12c2a6a7d869a946022ff2ae20ef6-3,bbc91a66c3b23cf5688a21908d4257ab-2,,,,FASTQ,ITS,Soil_DNA,A64JJ,CGAGTTGTAGCG,base-genomics-amplicon-control,UNSW
Soil_DNA_ITS_UNSW_CGAGTTGTAGCG_A64JJ_S72_L001_R2.fastq.gz,,https://data.bioplatforms.com/dataset/bpa-base-genomics-amplicon-control-its-control-a64jj/resource/1ff3fb96f0770670949b0709e0695915/download/Soil_DNA_ITS_UNSW_CGAGTTGTAGCG_A64JJ_S72_L001_R2.fastq.gz,1ff3fb96f0770670949b0709e0695915,1829338934e549a231ec1453b5873398e8d683bed155deb9cd7e2c430e207bbf,44623724,2427a6ce1deb131998d96ccb31410066-6,1d005d2faab2a6a50cdbe7989920f0ba-3,30af7e7914e117e0e94e438ad2f0ea53-2,,,,FASTQ,ITS,Soil_DNA,A64JJ,CGAGTTGTAGCG,base-genomics-amplicon-control,UNSW
Soil_DNA_ITS_UNSW_CGAGTTGTAGCG_AGECM_S72_L001_I1.fastq.gz,,https://data.bioplatforms.com/dataset/bpa-base-genomics-amplicon-control-its-control-agecm/resource/c28dc09aa7d279b690f025c7620f86eb/download/Soil_DNA_ITS_UNSW_CGAGTTGTAGCG_AGECM_S72_L001_I1.fastq.gz,c28dc09aa7d279b690f025c7620f86eb,b2f3e38a8a1b1c5159e6b9f25732c629d1cddca06a2c4889da475f41bd518f72,2318463,c28dc09aa7d279b690f025c7620f86eb,c28dc09aa7d279b690f025c7620f86eb,c28dc09aa7d279b690f025c7620f86eb,,,,FASTQ,ITS,Soil_DNA,AGECM,CGAGTTGTAGCG,base-genomics-amplicon-control,UNSW
Soil_DNA_ITS_UNSW_CGAGTTGTAGCG_AGECM_S72_L001_R1.fastq.gz,,https://data.bioplatforms.com/dataset/bpa-base-genomics-amplicon-control-its-control-agecm/resource/9a26f1e30c691ac3e1e7b1ab1040c83c/download/Soil_DNA_ITS_UNSW_CGAGTTGTAGCG_AGECM_S72_L001_R1.fastq.gz,9a26f1e30c691ac3e1e7b1ab1040c83c,b8edd7273ccbc35c06b1845f967ed3ba8704407c973e7d6274d6c4513212db1e,49392922,e571bd5cb6ebf515b9672e2b9e84dbc0-6,8eda8c2b9a3eadb29288830be1763339-3,b2983132c2ccdc3432caed01a1e21879-2,,,,FASTQ,ITS,Soil_DNA,AGECM,CGAGTTGTAGCG,base-genomics-amplicon-control,UNSW
Soil_DNA_ITS_UNSW_CGAGTTGTAGCG_AGECM_S72_L001_R2.fastq.gz,,https://data.bioplatforms.com/dataset/bpa-base-genomics-amplicon-control-its-control-agecm/resource/52262b0312a8aa2d188bad8680ba20bf/download/Soil_DNA_ITS_UNSW_CGAGTTGTAGCG_AGECM_S72_L001_R2.fastq.gz,52262b0312a8aa2d188bad8680ba20bf,4823f9998f685f7a7dac29586279f01456568939a1176702f9e2eb33e7a4f07a,55333008,d8f1cfe4c2ead598b044314fc9094873-7,e69a22f5a1e50ebfb32a46b61e0a7176-4,1bdaaf182a93bed91c2631bc4bc53c9f-2,,,,FASTQ,ITS,Soil_DNA,AGECM,CGAGTTGTAGCG,base-genomics-amplicon-control,UNSW
Soil_DNA_ITS_UNSW_CGAGTTGTAGCG_AGEDA_S72_L001_I1.fastq.gz,,https://data.bioplatforms.com/dataset/bpa-base-genomics-amplicon-control-its-control-ageda/resource/b4123fb45656115a73f890eb07c45ebf/download/Soil_DNA_ITS_UNSW_CGAGTTGTAGCG_AGEDA_S72_L001_I1.fastq.gz,b4123fb45656115a73f890eb07c45ebf,a2c8b332b87de05e3becee39e3b69953bf6d24ced69ad48ac73c3821737d7267,1702124,b4123fb45656115a73f890eb07c45ebf,b4123fb45656115a73f890eb07c45ebf,b4123fb45656115a73f890eb07c45ebf,,,,FASTQ,ITS,Soil_DNA,AGEDA,CGAGTTGTAGCG,base-genomics-amplicon-control,UNSW
Soil_DNA_ITS_UNSW_CGAGTTGTAGCG_AGEDA_S72_L001_R1.fastq.gz,,https://data.bioplatforms.com/dataset/bpa-base-genomics-amplicon-control-its-control-ageda/resource/9a507043f60fc826d96cb7d76734d31d/download/Soil_DNA_ITS_UNSW_CGAGTTGTAGCG_AGEDA_S72_L001_R1.fastq.gz,9a507043f60fc826d96cb7d76734d31d,86c62baad1aad16dd8c9f5d638f38ead96ed59c0c0cd37e5476301fb2da2e794,35969685,110ad16175db8beb2b512ffe786426ca-5,979492e79f6e64acdf2e4620dd273814-3,d02fef63f37909f57c8fbce387742343-2,,,,FASTQ,ITS,Soil_DNA,AGEDA,CGAGTTGTAGCG,base-genomics-amplicon-control,UNSW
Soil_DNA_ITS_UNSW_CGAGTTGTAGCG_AGEDA_S72_L001_R2.fastq.gz,,https://data.bioplatforms.com/dataset/bpa-base-genomics-amplicon-control-its-control-ageda/resource/111c3b913468d76df3b84362d58313ae/download/Soil_DNA_ITS_UNSW_CGAGTTGTAGCG_AGEDA_S72_L001_R2.fastq.gz,111c3b913468d76df3b84362d58313ae,1c7264481cefd944e6e4531a5678432461ae4ca7ad2dc61c725020434a439257,41635998,6bf292bf4a7fc2d09a1283c9d7d3d4d4-5,211b038e0bb74ba60ed1df1ec768e625-3,522eb0e281bf20088c12d071526f2084-2,,,,FASTQ,ITS,Soil_DNA,AGEDA,CGAGTTGTAGCG,base-genomics-amplicon-control,UNSW
Soil_DNA_ITS_UNSW_CGAGTTGTAGCG_AGEFG_S71_L001_I1.fastq.gz,,https://data.bioplatforms.com/dataset/bpa-base-genomics-amplicon-control-its-control-agefg/resource/b344b2c7a0effce811695969edd624fd/download/Soil_DNA_ITS_UNSW_CGAGTTGTAGCG_AGEFG_S71_L001_I1.fastq.gz,b344b2c7a0effce811695969edd624fd,22e734ea40f91589409c37a813bd318df9f66d6795164d32b4a1837247e613aa,2558528,b344b2c7a0effce811695969edd624fd,b344b2c7a0effce811695969edd624fd,b344b2c7a0effce811695969edd624fd,,,,FASTQ,ITS,Soil_DNA,AGEFG,CGAGTTGTAGCG,base-genomics-amplicon-control,UNSW
Soil_DNA_ITS_UNSW_CGAGTTGTAGCG_AGEFG_S71_L001_R1.fastq.gz,,https://data.bioplatforms.com/dataset/bpa-base-genomics-amplicon-control-its-control-agefg/resource/1d10572a3cc12ced35547280dd3cefc7/download/Soil_DNA_ITS_UNSW_CGAGTTGTAGCG_AGEFG_S71_L001_R1.fastq.gz,1d10572a3cc12ced35547280dd3cefc7,2a7e3008c527ef1af6ee1f332dbab93ca3688d604698964b3f92f27c66b85362,56143313,cfbe024abba500a468727287e2aa9b78-7,3a11ad25c15403f9995cbb5fdcaa3818-4,01c06b425cc9ea3c6e568a8ffc570e9d-2,,,,FASTQ,ITS,Soil_DNA,AGEFG,CGAGTTGTAGCG,base-genomics-amplicon-control,UNSW
Soil_DNA_ITS_UNSW_CGAGTTGTAGCG_AGEFG_S71_L001_R2.fastq.gz,,https://data.bioplatforms.com/dataset/bpa-base-genomics-amplicon-control-its-control-agefg/resource/130d701a5336e9bc5e2281f0c99b0d16/download/Soil_DNA_ITS_UNSW_CGAGTTGTAGCG_AGEFG_S71_L001_R2.fastq.gz,130d701a5336e9bc5e2281f0c99b0d16,ac8439d61f2f3e05d29f858eb8d72f31520bde959d132bc2960b995276f17ddb,62413810,c168934aed8e77f37fdd10b57b093ed5-8,cbd548eb518bfbf2568c5de587600a0d-4,fc3dd54fa46beaf8ded744aad02b8541-2,,,,FASTQ,ITS,Soil_DNA,AGEFG,CGAGTTGTAGCG,base-genomics-amplicon-control,UNSW
Soil_DNA_ITS_UNSW_TAAGGTAAGGTG_AC9CM_S53_L001_I1.fastq.gz,,https://data.bioplatforms.com/dataset/bpa-base-genomics-amplicon-control-its-control-ac9cm/resource/31b7dd4f0218a2acfa5bcefffc07a46e/download/Soil_DNA_ITS_UNSW_TAAGGTAAGGTG_AC9CM_S53_L001_I1.fastq.gz,31b7dd4f0218a2acfa5bcefffc07a46e,50c8ed9adb413b55df247a018e6ac9d35132bf84c2391e53432a68b7c10cfa5d,1731553,31b7dd4f0218a2acfa5bcefffc07a46e,31b7dd4f0218a2acfa5bcefffc07a46e,31b7dd4f0218a2acfa5bcefffc07a46e,,,,FASTQ,ITS,Soil_DNA,AC9CM,TAAGGTAAGGTG,base-genomics-amplicon-control,UNSW
Soil_DNA_ITS_UNSW_TAAGGTAAGGTG_AC9CM_S53_L001_R1.fastq.gz,,https://data.bioplatforms.com/dataset/bpa-base-genomics-amplicon-control-its-control-ac9cm/resource/aea6dc8ee4679ed6a7e0f6dede15a8f1/download/Soil_DNA_ITS_UNSW_TAAGGTAAGGTG_AC9CM_S53_L001_R1.fastq.gz,aea6dc8ee4679ed6a7e0f6dede15a8f1,692b0186865520e02b87cfd55336fc4d877780ab0a14c000a8b4d800d3c380dc,31705502,feeafbf3166643a88c427644ed8954d1-4,b7d8a840a57779253a6e808780abdb9c-2,aea6dc8ee4679ed6a7e0f6dede15a8f1,,,,FASTQ,ITS,Soil_DNA,AC9CM,TAAGGTAAGGTG,base-genomics-amplicon-control,UNSW
Soil_DNA_ITS_UNSW_TAAGGTAAGGTG_AC9CM_S53_L001_R2.fastq.gz,,https://data.bioplatforms.com/dataset/bpa-base-genomics-amplicon-control-its-control-ac9cm/resource/f03fcd48a8c5dc09a82f66c105eb306b/download/Soil_DNA_ITS_UNSW_TAAGGTAAGGTG_AC9CM_S53_L001_R2.fastq.gz,f03fcd48a8c5dc09a82f66c105eb306b,4005640d14b805bdc37b1700d8f1a06972112729b17e04f193f9eeca090bb295,40617904,5c31cf65da7cbebd6ab5535468c6f936-5,bfef5ec2b452f6d63a8407c4878b9247-3,905543e47551ab15359c1455321cb1d3-2,,,,FASTQ,ITS,Soil_DNA,AC9CM,TAAGGTAAGGTG,base-genomics-amplicon-control,UNSW
